"filenames","faction","forceOrg","ROWSubfaction","alliedFaction","warlordTrait","VPs","warlord","listName"
"0500-CI","White Scars","Crusade","Liberation Force","","Void Walker","9","Primus Nullificator",""
"0500-UL","Blood Angels","Castellan","Hunter-Killer Mission","","Dread Rites","9","Siege Breaker",""
"0501-PA","Ultramarines","Onslaught","Decapitation Strike","Dark Angels","Robber Baron","6","Centurion",""
"0501-VC","Shattered Legions","Onslaught","The Axis of Dissolution","","Dread Rites","11","Warmonger",""
"0502-EL","Ultramarines","Castellan","","","Intimidating Presence","1","Herald",""
"0502-RZ","Blackshields","Crusade","The Unbroken Vow","","Inspiring Presence","12","Mortificator",""
"0503-QM","Imperial Fists","Crusade","The Covenant of Fire","","Favoured of Mars","1","Moritat",""
"0503-XE","Word Bearers","Crusade","","","Inspiring Presence","4","Chaplain",""
"0504-BW","Iron Hands","Onslaught","Liberation Force","","Glorious Renown","2","Centurion",""
"0504-DF","Night Lords","Crusade","Outcast Sons","","Coordinated Assault","15","Primus Nullificator",""
"0505-NX","Militia & Cults","Leviathan","","Sons of Horus","Uncanny Survivor","5","Force Commander",""
"0505-WL","Sons of Horus","Onslaught","","","Master of Offence","10","Herald",""
"0506-AH","Blackshields","Leviathan","","","Battlefield Analysis","10","Warmonger",""
"0506-MI","World Eaters","Castellan","Orphans of War","","Master of Defence","2","Moritat",""
"0507-RY","Thousand Sons","Onslaught","Decapitation Strike","","Night Attacker","14","Praevian",""
"0507-YG","Death Guard","Castellan","Horror Cult","","Coordinated Assault","1","Primus Medicae",""
"0508-OI","Thousand Sons","Onslaught","","Iron Warriors","Perfected Targeting","13","Master of Signals",""
"0508-OP","Emperor's Children","Crusade","","","Child of Terra","12","Champion",""
"0509-TD","Militia & Cults","Castellan","","","Tenacity","14","Rogue Psyker Alpha",""
"0509-TM","Shattered Legions","Leviathan","The Day of Sorrow","","Master Tactician","13","Praetor Tribune",""
"0510-OG","Death Guard","Castellan","Sagyar Mazan","Mechanicum","Princeps of Deceit","7","Champion",""
"0510-QC","Militia & Cults","Onslaught","","","Battlefield Analysis","14","Force Commander",""
"0511-WG","Raven Guard","Castellan","","","Glorious Renown","7","Primus Nullificator",""
"0511-ZO","Salamanders","Leviathan","The Serpent's Bane","","The Dust of a Thousand Worlds","4","Librarian",""
"0512-FL","White Scars","Leviathan","The Swift Blade","Death Guard","Bloody Handed","2","Vigilator",""
"0512-JK","Ultramarines","Leviathan","","Word Bearers","Master of Ambush","1","Armistos",""
"0513-EA","White Scars","Leviathan","","","Lord of the Abyss","15","Mortificator",""
"0513-HK","Blood Angels","Leviathan","The Eskaton Imperative","Salamanders","The Death of Flesh","4","Siege Breaker",""
"0514-PI","Solar Auxilia","Crusade","","Raven Guard","The Dust of a Thousand Worlds","13","Auxilia Tank Commander",""
"0514-VA","Word Bearers","Onslaught","Ravenwing Protocol","World Eaters","Shattering Bombardment","12","Esoterist",""
"0515-BY","World Eaters","Onslaught","","","Child of Terra","11","Praetor Tribune",""
"0515-CP","Questoris Knights","Onslaught","","","Paladin of Glory","4","Archmagos Draykavac",""
"0516-MK","World Eaters","Castellan","","","Immovable Object","14","Praevian",""
"0516-QZ","Night Lords","Onslaught","","","Puissant Commander","9","Delegatus",""
"0517-AC","Space Wolves","Leviathan","Orbital Assault","","Bitter Blood","7","Centurion",""
"0517-LL","Death Guard","Castellan","The Head of the Gorgon","","Puissant Commander","6","Praetor Tribune",""
"0518-FU","Militia & Cults","Crusade","","","Indomitable","8","Platoon Commander",""
"0518-OQ","Solar Auxilia","Castellan","","Iron Hands","Princeps of Deceit","8","Auxilia Tank Commander",""
"0519-LF","Sons of Horus","Leviathan","","","Master of Manoeuvre","14","Mortificator",""
"0519-QO","Word Bearers","Crusade","Terror Assault","","Perfected Targeting","10","Siege Breaker",""
"0520-RO","Thousand Sons","Onslaught","","","Master of the Vanguard","9","Champion",""
"0520-RQ","Death Guard","Leviathan","The Awakening Fire","","Master of the Vanguard","4","Moritat",""
"0521-IX","Iron Warriors","Crusade","","","Night Attacker","4","Siege Breaker",""
"0521-SK","Iron Warriors","Crusade","Ironwing Protocol","Death Guard","Robber Baron","12","Chaplain",""
"0522-LG","Death Guard","Leviathan","The Guard of the Crimson King","","Tenacity","9","Warmonger",""
"0522-YZ","Questoris Knights","Leviathan","","White Scars","Glorious Renown","14","Seneschal",""
"0523-GJ","Iron Hands","Crusade","Company of Bitter Iron","","Dread Rites","5","Siege Breaker",""
"0523-MA","Thousand Sons","Crusade","Sagyar Mazan","Salamanders","Tenacity","5","Warmonger",""
"0524-NN","Raven Guard","Castellan","","","Predictive Augury","9","Warmonger",""
"0524-RV","Questoris Knights","Onslaught","","Word Bearers","Legendary Fighter","14","Archmagos Draykavac",""
"0525-GR","Mechanicum","Onslaught","Legio Cybernetica","","Princeps of Deceit","1","Archmagos Dominus",""
"0525-JF","Iron Hands","Leviathan","The Swift Blade","","Bitter Blood","10","Librarian",""
"0526-XA","Word Bearers","Leviathan","","Death Guard","Master of Defence","13","Centurion",""
"0526-YH","Blood Angels","Leviathan","The Unbroken Vow","","Princeps of Deceit","10","Armistos",""
"0527-BF","Death Guard","Castellan","Fury of the Ancients","","Dread Rites","6","Siege Breaker",""
"0527-ZH","White Scars","Leviathan","The Guard of the Crimson King","","World Burner","7","Master of Signals",""
"0528-OP","Blood Angels","Leviathan","The Maru Skara","Dark Angels","Paladin of Glory","10","Primus Nullificator",""
"0528-UG","Mechanicum","Onslaught","","","Intimidating Presence","12","Archmagos Inar Satarael",""
"0529-UL","Raven Guard","Crusade","The Bloodied Claws","Blood Angels","Puissant Commander","2","Primus Nullificator",""
"0529-XH","Space Wolves","Crusade","Brethren of Iron","","Divide to Conquer","3","Centurion",""
"0530-JG","Word Bearers","Castellan","The Storm of War","","Inspiring Presence","7","Praevian",""
"0530-OV","Iron Hands","Leviathan","","","Bloody Handed","13","Armistos",""
"0531-EH","Blackshields","Leviathan","","","Siege Master","1","Centurion",""
"0531-MH","Mechanicum","matrixOfRuin","Legio Cybernetica","","Child of Terra","3","Magos reductor",""
"0532-SO","Militia & Cults","Crusade","","","Beloved of the People","8","Discipline Master",""
"0532-VO","Death Guard","Crusade","Berserker Assault","Dark Angels","Tenacity","10","Chaplain",""
"0533-LG","White Scars","Crusade","","","Master of Ambush","15","Esoterist",""
"0533-VD","Blood Angels","Onslaught","The Logos Lectora","","Bloody Handed","8","Warmonger",""
"0534-TP","Questoris Knights","Crusade","","Questoris Knights","Legendary Fighter","14","Lord Scion",""
"0534-ZG","Blackshields","Crusade","The Covenant of Fire","Mechanicum","Shattering Bombardment","1","Forge Lord",""
"0535-NE","Sons of Horus","Castellan","The Maru Skara","White Scars","Master of the Vanguard","13","Siege Breaker",""
"0535-XZ","Ultramarines","Castellan","","","Puissant Commander","2","Armistos",""
"0536-YM","Iron Warriors","Onslaught","","","Master of Ambush","13","Esoterist",""
"0536-YO","Death Guard","Onslaught","","","Target Priority","14","Warmonger",""
"0537-OH","Death Guard","Onslaught","The Storm of War","Thousand Sons","Favoured of Mars","12","Centurion",""
"0537-PR","Iron Warriors","Leviathan","","","Princeps of Deceit","3","Chaplain",""
"0538-DH","Imperial Fists","Leviathan","Orphans of Betrayal","","Bitter Blood","8","Librarian",""
"0538-LZ","Alpha Legion","Castellan","","Imperial Fists","Connoisseur of Alien Curios","5","Forge Lord",""
"0539-NY","Imperial Fists","Leviathan","Legion Recon Company","White Scars","Tenacity","1","Delegatus",""
"0539-TZ","Mechanicum","matrixOfRuin","Legio Cybernetica","Imperial Fists","The Dust of a Thousand Worlds","10","Magos Prime",""
"0540-NA","World Eaters","Leviathan","","","Target Priority","3","Moritat",""
"0540-VI","Militia & Cults","Crusade","","Dark Angels","Ruthless Tyrant","13","Force Commander",""
"0541-FT","Death Guard","Leviathan","Last of the Serrated Sun","","Void Master","2","Armistos",""
"0541-SY","Alpha Legion","Crusade","The Bloodied Claws","","World Burner","3","Centurion",""
"0542-FT","Death Guard","Onslaught","","Word Bearers","Glorious Renown","13","Warmonger",""
"0542-XW","Alpha Legion","Leviathan","The Coils of the Hydra","","Master of Ambush","1","Armistos",""
"0543-GT","Imperial Fists","Crusade","The Head of the Gorgon","","Favoured of Mars","1","Delegatus",""
"0543-SV","Death Guard","Crusade","Hunter-Killer Mission","","Immovable Object","3","Delegatus",""
"0544-KF","Raven Guard","Onslaught","","","Princeps of Deceit","1","Esoterist",""
"0544-RU","Death Guard","Crusade","The Hammer of Olympia","","Conqueror of Cities","1","Siege Breaker",""
"0545-IS","Solar Auxilia","Onslaught","","","Connoisseur of Alien Curios","4","Legate Commander",""
"0545-YB","Iron Warriors","Castellan","","Iron Warriors","Child of Terra","6","Herald",""
"0546-KF","Emperor's Children","Leviathan","The Cross of Bone","Iron Warriors","Void Master","5","Praetor",""
"0546-YZ","Raven Guard","Onslaught","","","Void Master","8","Centurion",""
"0547-BX","Raven Guard","Crusade","","","Glorious Renown","13","Moritat",""
"0547-VK","Questoris Knights","Castellan","","","Target Priority","1","Seneschal",""
"0548-YQ","Death Guard","Crusade","Outlanders","Shattered Legions","Perfected Targeting","12","Primus Nullificator",""
"0548-ZG","Iron Warriors","Castellan","Chogorian Brotherhood","Shattered Legions","The Dust of a Thousand Worlds","8","Forge Lord",""
"0549-CZ","Thousand Sons","Castellan","","","Immovable Object","7","Praetor",""
"0549-DU","Solar Auxilia","Onslaught","","","Ruthless Tyrant","9","Lord Marshal Ireton MaSade",""
"0550-MK","Blood Angels","Castellan","The Swift Blade","","Paladin of Glory","10","Forge Lord",""
"0550-YD","Solar Auxilia","Leviathan","","","Uncanny Survivor","4","Lord Marshal Ireton MaSade",""
"0551-RY","Salamanders","Leviathan","The Unbroken Vow","","Shattering Bombardment","8","Warmonger",""
"0551-YT","Salamanders","Onslaught","Death Seekers","","Coordinated Assault","10","Primus Medicae",""
"0552-BS","Solar Auxilia","Onslaught","","","Uncanny Survivor","4","Auxilia Tank Commander",""
"0552-LK","Militia & Cults","Castellan","","","Robber Baron","12","Discipline Master",""
"0553-HD","Salamanders","Onslaught","The Day of Sorrow","Raven Guard","Blind Barrage","13","Praevian",""
"0553-ZE","Thousand Sons","Onslaught","","","Princeps of Deceit","13","Champion",""
"0554-VY","Mechanicum","matrixOfRuin","","","Shattering Bombardment","15","Archmagos Dominus",""
"0554-XY","Iron Hands","Onslaught","Hunter-Killer Mission","Blackshields","Master of the Vanguard","5","Champion",""
"0555-IJ","Space Wolves","Crusade","Ravenwing Protocol","","Marcher Lord","1","Mortificator",""
"0555-QU","Imperial Fists","Onslaught","Ironfire","","Puissant Commander","1","Champion",""
"0556-EK","Thousand Sons","Castellan","","","Princeps of Deceit","11","Esoterist",""
"0556-RX","Alpha Legion","Leviathan","The Stone Gauntlet","","Night Attacker","13","Armistos",""
"0557-NH","Iron Hands","Onslaught","","","Conqueror of Cities","6","Centurion",""
"0557-QS","World Eaters","Leviathan","Liberation Force","","Favoured of Mars","5","Herald",""
"0558-RA","Militia & Cults","Castellan","","","Inspiring Presence","3","Discipline Master",""
"0558-TQ","Alpha Legion","Crusade","The Axis of Dissolution","","Bitter Blood","13","Praetor",""
"0559-DB","Ultramarines","Crusade","Decapitation Strike","","Connoisseur of Alien Curios","7","Mortificator",""
"0559-UC","Sons of Horus","Crusade","","","Target Priority","7","Praetor",""
"0560-KF","Salamanders","Onslaught","Outcast Sons","","Bloody Handed","1","Centurion",""
"0560-YZ","Iron Hands","Leviathan","The Bloodied Gauntlet","","Strategic Genius","11","Primus Nullificator",""
"0561-IO","Ultramarines","Castellan","Last of the Serrated Sun","","Master of Offence","5","Siege Breaker",""
"0561-TB","Iron Hands","Leviathan","Legion Recon Company","","Hell Rider","8","Moritat",""
"0562-UB","Blood Angels","Castellan","The Seekers Arrow","","Princeps of Deceit","11","Herald",""
"0562-UJ","Mechanicum","Castellan","Legio Cybernetica","","Bitter Blood","12","Archmagos Inar Satarael",""
"0563-KG","Blood Angels","Castellan","","Space Wolves","Master of Manoeuvre","13","Praetor Tribune",""
"0563-VF","White Scars","Castellan","The Day of Sorrow","World Eaters","Target Priority","5","Moritat",""
"0564-PX","Shattered Legions","Castellan","The Seekers Arrow","","Blind Barrage","8","Moritat",""
"0564-XG","World Eaters","Leviathan","The Bloodied Gauntlet","","Coordinated Assault","14","Armistos",""
"0565-MK","Shattered Legions","Leviathan","The Maru Skara","","Inspiring Presence","9","Herald",""
"0565-QK","Night Lords","Onslaught","Sacrificial Offering","","Dread Rites","11","Librarian",""
"0566-BN","Iron Warriors","Crusade","The Unbroken Vow","","Beloved of the People","11","Warmonger",""
"0566-BU","World Eaters","Castellan","The Coils of the Hydra","","Void Master","10","Vigilator",""
"0567-DK","Raven Guard","Leviathan","","","Puissant Commander","11","Librarian",""
"0567-RN","Solar Auxilia","Castellan","","","Siege Master","6","Strategos",""
"0568-BG","Alpha Legion","Crusade","","","Strategic Genius","11","Praetor Tribune",""
"0568-DJ","Blood Angels","Leviathan","","","Hell Rider","7","Champion",""
"0569-QR","Emperor's Children","Castellan","The Hammer of Olympia","","Intimidating Presence","2","Primus Medicae",""
"0569-XV","Alpha Legion","Leviathan","The Crimson Path","Iron Warriors","Target Priority","9","Herald",""
"0570-FN","World Eaters","Onslaught","The Maru Skara","","The Death of Flesh","5","Armistos",""
"0570-RY","Death Guard","Leviathan","The Pale Hunters","","Connoisseur of Alien Curios","11","Forge Lord",""
"0571-EG","Solar Auxilia","Leviathan","","","Void Walker","2","Legate Commander",""
"0571-ZR","Night Lords","Castellan","The Head of the Gorgon","","Legendary Fighter","2","Librarian",""
"0572-GV","Iron Warriors","Onslaught","The Black Reaving","","Master of Defence","6","Centurion",""
"0572-GW","Solar Auxilia","Castellan","","Emperor's Children","The Dust of a Thousand Worlds","11","Strategos",""
"0573-IY","Shattered Legions","Leviathan","","","Divide to Conquer","12","Primus Nullificator",""
"0573-MQ","Questoris Knights","Onslaught","","","Merchant Princeling","1","Archmagos Draykavac",""
"0574-PB","Raven Guard","Castellan","Terror Assault","Space Wolves","Robber Baron","3","Champion",""
"0574-TO","Mechanicum","Leviathan","Legio Cybernetica","","Strategic Genius","3","Magos Prime",""
"0575-AY","Emperor's Children","Crusade","","Space Wolves","Ruthless Tyrant","8","Moritat",""
"0575-WX","Blood Angels","Crusade","The Awakening Fire","","Master of Offence","15","Forge Lord",""
"0576-AO","Blackshields","Castellan","","","Strategic Genius","12","Esoterist",""
"0576-SJ","Shattered Legions","Leviathan","The Maru Skara","Night Lords","Puissant Commander","2","Praetor Tribune",""
"0577-IZ","Blackshields","Castellan","The Awakening Fire","","Beloved of the People","11","Vigilator",""
"0577-TK","Iron Warriors","Onslaught","Ravenwing Protocol","","Coordinated Assault","10","Armistos",""
"0578-MC","Mechanicum","Castellan","Ordo Reductor","","Legendary Fighter","14","Magos Prime",""
"0578-SS","Word Bearers","Leviathan","The Steel Fist","","Bitter Blood","15","Armistos",""
"0579-OD","Alpha Legion","Castellan","3rd Company Elite","","Bitter Blood","1","Warmonger",""
"0579-XB","Shattered Legions","Onslaught","Outcast Sons","","Robber Baron","14","Champion",""
"0580-PW","Night Lords","Crusade","The Bloodied Gauntlet","Sons of Horus","Connoisseur of Alien Curios","10","Warmonger",""
"0580-UH","Sons of Horus","Onslaught","Pride of the Legion","","Ruthless Tyrant","5","Moritat",""
"0581-PW","Blackshields","Castellan","Drop Assault Vanguard","","Intimidating Presence","15","Master of Signals",""
"0581-YS","Alpha Legion","Onslaught","","","Indomitable","4","Delegatus",""
"0582-CW","Ultramarines","Castellan","Ironwing Protocol","Emperor's Children","Bloody Handed","14","Master of Signals",""
"0582-NR","Blackshields","Leviathan","","","Immovable Object","7","Primus Nullificator",""
"0583-XA","Alpha Legion","Leviathan","The Cross of Bone","","World Burner","1","Vigilator",""
"0583-ZA","Dark Angels","Onslaught","The Covenant of Fire","","Hell Rider","5","Herald",""
"0584-FL","Imperial Fists","Leviathan","The Serpent's Bane","","Bloody Handed","8","Delegatus",""
"0584-ZH","Word Bearers","Onslaught","","","Indomitable","2","Librarian",""
"0585-KX","Blackshields","Leviathan","Last of the Serrated Sun","","Marcher Lord","14","Moritat",""
"0585-XX","Word Bearers","Castellan","The Covenant of Fire","Ultramarines","The Dust of a Thousand Worlds","8","Siege Breaker",""
"0586-BC","Iron Hands","Crusade","","","Tenacity","1","Armistos",""
"0586-IJ","White Scars","Onslaught","","Space Wolves","Blind Barrage","1","Praetor Tribune",""
"0587-CP","Night Lords","Onslaught","","","Indomitable","2","Armistos",""
"0587-OF","Solar Auxilia","Leviathan","","","Intimidating Presence","6","Legate Commander",""
"0588-CL","Mechanicum","Crusade","","","Target Priority","1","Magos Reductor Calleb Decima",""
"0588-EK","Dark Angels","Castellan","Company of Bitter Iron","","Predictive Augury","9","Delegatus",""
"0589-HD","Solar Auxilia","Crusade","","","Coordinated Assault","12","Strategos",""
"0589-NC","Shattered Legions","Onslaught","The Serpent's Bane","","Master of the Vanguard","6","Mortificator",""
"0590-IV","Militia & Cults","Crusade","","","Master Tactician","9","Force Commander",""
"0590-MW","Sons of Horus","Onslaught","Hunter-Killer Mission","","Coordinated Assault","6","Praetor Tribune",""
"0591-FM","World Eaters","Leviathan","","Blackshields","Bitter Blood","3","Praetor Tribune",""
"0591-FU","Salamanders","Onslaught","The Day of Sorrow","","Lord of the Abyss","8","Champion",""
"0592-LZ","Blackshields","Leviathan","Liberation Force","","Siege Master","14","Master of Signals",""
"0592-XA","Questoris Knights","Onslaught","","Thousand Sons","Lord of the Abyss","12","Archmagos Draykavac",""
"0593-DQ","Space Wolves","Castellan","The Reaping","Word Bearers","Coordinated Assault","15","Armistos",""
"0593-JW","Iron Hands","Leviathan","","","Indomitable","8","Armistos",""
"0594-JZ","Thousand Sons","Leviathan","","","Dread Rites","1","Herald",""
"0594-XA","Iron Warriors","Castellan","The Unbroken Vow","Militia & Cults","Hell Rider","1","Siege Breaker",""
"0595-BU","Death Guard","Leviathan","","Solar Auxilia","Master of Ambush","6","Librarian",""
"0595-RL","Salamanders","Castellan","The Pale Hunters","","Perfected Targeting","4","Librarian",""
"0596-CA","Iron Warriors","Onslaught","Hammerfell Strike Force","Dark Angels","Ruthless Tyrant","9","Warmonger",""
"0596-IL","Militia & Cults","Crusade","","","Glorious Renown","15","Platoon Commander",""
"0597-SU","Militia & Cults","Castellan","","","Merchant Princeling","7","Rogue Psyker Alpha",""
"0597-WR","Emperor's Children","Crusade","Ravenwing Protocol","","Divide to Conquer","12","Herald",""
"0598-XM","Shattered Legions","Onslaught","","","Master of Ambush","4","Praevian",""
"0598-ZN","Ultramarines","Leviathan","The Coils of the Hydra","","Legendary Fighter","4","Chaplain",""
"0599-NY","Raven Guard","Leviathan","","White Scars","Merchant Princeling","7","Centurion",""
"0599-ZC","Dark Angels","Crusade","","","Inspiring Presence","1","Forge Lord",""
"0600-MH","Blood Angels","Leviathan","The Cross of Bone","Solar Auxilia","Divide to Conquer","9","Primus Medicae",""
"0600-VA","Death Guard","Leviathan","Ironfire","","Master of Offence","8","Primus Medicae",""
"0601-DP","Mechanicum","matrixOfRuin","","","Night Attacker","5","Magos Prime",""
"0601-ZY","Shattered Legions","Onslaught","Last of the Serrated Sun","Emperor's Children","Favoured of Mars","7","Moritat",""
"0602-GB","Night Lords","Onslaught","The Cross of Bone","","Beloved of the People","3","Armistos",""
"0602-NV","Thousand Sons","Leviathan","Primarch's Chosen","","Connoisseur of Alien Curios","5","Praetor Tribune",""
"0603-BL","Ultramarines","Onslaught","","","Intimidating Presence","6","Herald",""
"0603-MF","Imperial Fists","Crusade","The Maru Skara","","Master of Mechanisms","2","Primus Nullificator",""
"0604-HR","Solar Auxilia","Crusade","","Ultramarines","Target Priority","12","Strategos",""
"0604-VC","Night Lords","Castellan","","","Perfected Targeting","1","Praevian",""
"0605-NT","White Scars","Onslaught","","","Favoured of Mars","4","Librarian",""
"0605-VP","Death Guard","Leviathan","","","Master of Ambush","9","Praetor",""
"0606-SI","Sons of Horus","Crusade","","","Dread Rites","4","Master of Signals",""
"0606-VG","Iron Hands","Crusade","Vigil Opertii Mission","","Coordinated Assault","13","Primus Nullificator",""
"0607-PP","Iron Warriors","Castellan","Orbital Assault","","Night Attacker","9","Forge Lord",""
"0607-QI","Iron Warriors","Leviathan","The Axis of Dissolution","","Void Master","13","Primus Nullificator",""
"0608-IW","Alpha Legion","Crusade","The Day of Revelation","","Master of Manoeuvre","10","Primus Medicae",""
"0608-ZV","Sons of Horus","Castellan","Angel's Wrath","","Marcher Lord","3","Master of Signals",""
"0609-JW","Word Bearers","Leviathan","Outcast Sons","","Beloved of the People","3","Forge Lord",""
"0609-QP","Ultramarines","Crusade","","Mechanicum","Beloved of the People","15","Armistos",""
"0610-BU","Dark Angels","Castellan","Orphans of War","","Connoisseur of Alien Curios","7","Librarian",""
"0610-UY","Alpha Legion","Onslaught","","Shattered Legions","Target Priority","15","Delegatus",""
"0611-NC","Iron Warriors","Crusade","Ironwing Protocol","","Shattering Bombardment","3","Primus Nullificator",""
"0611-PX","Thousand Sons","Crusade","Angel's Wrath","","Divide to Conquer","13","Delegatus",""
"0612-AI","Sons of Horus","Castellan","","Emperor's Children","Tenacity","14","Champion",""
"0612-XI","Solar Auxilia","Onslaught","","","Robber Baron","3","Strategos",""
"0613-AO","Shattered Legions","Crusade","The Crimson Path","","Divide to Conquer","15","Herald",""
"0613-SP","Night Lords","Crusade","The Bloodied Gauntlet","","The Dust of a Thousand Worlds","8","Chaplain",""
"0614-JH","Alpha Legion","Onslaught","After Isstvan","","The Dust of a Thousand Worlds","11","Delegatus",""
"0614-OR","Militia & Cults","Crusade","","","Coordinated Assault","3","Rogue Psyker Alpha",""
"0615-QM","Blood Angels","Castellan","The Steel Fist","Night Lords","The Dust of a Thousand Worlds","9","Mortificator",""
"0615-TW","Iron Hands","Crusade","Pride of the Legion","World Eaters","Merchant Princeling","3","Moritat",""
"0616-WN","Questoris Knights","Castellan","","","Inspiring Presence","13","Archmagos Draykavac",""
"0616-ZA","Iron Warriors","Onslaught","Creeping Death","Shattered Legions","Divide to Conquer","4","Moritat",""
"0617-QM","Ultramarines","Castellan","Armoured Breakthrough","Night Lords","Indomitable","4","Vigilator",""
"0617-WS","Questoris Knights","Castellan","","","Master of Manoeuvre","12","Lord Scion",""
"0618-TR","Night Lords","Onslaught","Pride of the Legion","","Tenacity","3","Esoterist",""
"0618-YY","Blackshields","Onslaught","","","Indomitable","7","Chaplain",""
"0619-NE","Blood Angels","Leviathan","The Eskaton Imperative","Blackshields","Robber Baron","8","Herald",""
"0619-NU","Blood Angels","Crusade","","","Blind Barrage","5","Armistos",""
"0620-OI","Ultramarines","Onslaught","Orphans of Betrayal","Space Wolves","Master of Offence","2","Moritat",""
"0620-UW","Alpha Legion","Onslaught","The Dark Brethren","","Perfected Targeting","13","Warmonger",""
"0621-FA","Dark Angels","Crusade","","","Master of Manoeuvre","2","Siege Breaker",""
"0621-NU","Militia & Cults","Onslaught","","","Immovable Object","2","Rogue Psyker",""
"0622-FS","Blackshields","Leviathan","The Seekers Arrow","Sons of Horus","Intimidating Presence","10","Primus Nullificator",""
"0622-WQ","Salamanders","Onslaught","The Dark Brethren","","The Death of Flesh","9","Moritat",""
"0623-EN","Night Lords","Leviathan","Pride of the Legion","","Merchant Princeling","2","Centurion",""
"0623-ML","Iron Warriors","Leviathan","Liberation Force","","Master of Ambush","15","Warmonger",""
"0624-GT","Night Lords","Onslaught","Outlanders","","Ruthless Tyrant","2","Armistos",""
"0624-LN","Mechanicum","Onslaught","Legio Cybernetica","","Indomitable","14","Archmagos Inar Satarael",""
"0625-OX","Raven Guard","Castellan","Ironfire","","Immovable Object","12","Centurion",""
"0625-QY","Word Bearers","Onslaught","Creeping Death","","Master of Defence","5","Champion",""
"0626-PS","Militia & Cults","Castellan","","Death Guard","Child of Terra","14","Platoon Commander",""
"0626-SN","Blood Angels","Crusade","","","Master of the Vanguard","2","Forge Lord",""
"0627-RT","Iron Hands","Castellan","Terror Assault","","Master of Defence","15","Centurion",""
"0627-VP","Emperor's Children","Onslaught","Primarch's Chosen","","Paladin of Glory","15","Forge Lord",""
"0628-UU","Death Guard","Onslaught","","","Princeps of Deceit","3","Centurion",""
"0628-WM","Solar Auxilia","Castellan","","","The Dust of a Thousand Worlds","14","Strategos",""
"0629-QG","Death Guard","Crusade","Ironfire","","Blind Barrage","5","Herald",""
"0629-YM","Ultramarines","Crusade","","","Immovable Object","2","Praetor Tribune",""
"0630-JB","Iron Warriors","Leviathan","The Awakening Fire","","Conqueror of Cities","14","Centurion",""
"0630-NO","Shattered Legions","Onslaught","","","Night Attacker","11","Moritat",""
"0631-AX","Ultramarines","Onslaught","The Covenant of Fire","Word Bearers","Legendary Fighter","6","Warmonger",""
"0631-WJ","Questoris Knights","Castellan","","","Predictive Augury","7","Lord Scion",""
"0632-LG","Questoris Knights","Castellan","","","Master of Defence","11","Archmagos Draykavac",""
"0632-LL","Word Bearers","Leviathan","","","Indomitable","11","Mortificator",""
"0633-HW","Alpha Legion","Onslaught","","","Strategic Genius","1","Esoterist",""
"0633-OJ","Word Bearers","Leviathan","Hunter-Killer Mission","","Void Master","13","Siege Breaker",""
"0634-ET","Salamanders","Crusade","","","The Dust of a Thousand Worlds","8","Herald",""
"0634-PU","Militia & Cults","Onslaught","","","Glorious Renown","13","Force Commander",""
"0635-EZ","Blackshields","Castellan","The Steel Fist","Imperial Fists","Favoured of Mars","11","Primus Medicae",""
"0635-QS","Militia & Cults","Onslaught","","","Bitter Blood","7","Rogue Psyker Alpha",""
"0636-JF","Night Lords","Castellan","The Steel Fist","","Uncanny Survivor","8","Librarian",""
"0636-PD","Death Guard","Crusade","Sacrificial Offering","Raven Guard","Immovable Object","5","Delegatus",""
"0637-DW","Sons of Horus","Leviathan","The Storm of War","Thousand Sons","Blind Barrage","14","Warmonger",""
"0637-KA","World Eaters","Onslaught","","","Perfected Targeting","6","Master of Signals",""
"0638-XM","Sons of Horus","Castellan","Angel's Wrath","","Immovable Object","9","Mortificator",""
"0638-YP","Iron Hands","Castellan","The Steel Fist","","Beloved of the People","12","Master of Signals",""
"0639-HQ","Mechanicum","matrixOfRuin","Legio Cybernetica","","Dread Rites","8","Secutarii Axiarch",""
"0639-VU","Ultramarines","Onslaught","Company of Bitter Iron","Dark Angels","Predictive Augury","11","Centurion",""
"0640-LK","Space Wolves","Castellan","Angel's Wrath","","Conqueror of Cities","14","Master of Signals",""
"0640-YJ","Thousand Sons","Leviathan","The Pale Hunters","","Perfected Targeting","2","Armistos",""
"0641-DF","Word Bearers","Onslaught","The Eskaton Imperative","","Hell Rider","13","Master of Signals",""
"0641-WO","Imperial Fists","Leviathan","Brethren of Iron","","Void Master","15","Centurion",""
"0642-GL","Sons of Horus","Crusade","","","World Burner","10","Esoterist",""
"0642-VK","Sons of Horus","Leviathan","The Logos Lectora","","Master of Offence","5","Praevian",""
"0643-QU","Imperial Fists","Onslaught","The Stone Gauntlet","World Eaters","Bloody Handed","11","Champion",""
"0643-RT","Imperial Fists","Castellan","","","Inspiring Presence","13","Herald",""
"0644-AK","Dark Angels","Castellan","Sky Hunter Phalanx","","Hell Rider","15","Armistos",""
"0644-LB","Thousand Sons","Crusade","Chymeriae","","Battlefield Analysis","11","Librarian",""
"0645-PY","Emperor's Children","Castellan","","","Master of Mechanisms","12","Delegatus",""
"0645-YD","Iron Hands","Leviathan","Fury of the Ancients","","Legendary Fighter","6","Praevian",""
"0646-DJ","Blood Angels","Leviathan","","Iron Hands","Shattering Bombardment","7","Chaplain",""
"0646-ZP","Raven Guard","Leviathan","","","Puissant Commander","5","Delegatus",""
"0647-EN","Blood Angels","Crusade","Decapitation Strike","","Master Tactician","4","Primus Nullificator",""
"0647-OM","Shattered Legions","Crusade","","","Immovable Object","15","Siege Breaker",""
"0648-DV","Questoris Knights","Leviathan","","","Favoured of Mars","3","Seneschal",""
"0648-MO","Word Bearers","Onslaught","The Covenant of Fire","","Connoisseur of Alien Curios","3","Champion",""
"0649-ED","Night Lords","Castellan","Primarch's Chosen","Night Lords","Master of Manoeuvre","15","Champion",""
"0649-WK","Ultramarines","Castellan","Chogorian Brotherhood","Questoris Knights","Predictive Augury","12","Champion",""
"0650-GB","Alpha Legion","Crusade","Orphans of War","","Inspiring Presence","15","Praetor",""
"0650-SV","White Scars","Leviathan","","","Coordinated Assault","6","Herald",""
"0651-DJ","Death Guard","Crusade","","","Bitter Blood","13","Centurion",""
"0651-QM","Solar Auxilia","Castellan","","","The Death of Flesh","13","Lord Marshal",""
"0652-DW","Iron Warriors","Leviathan","The Swift Blade","","Glorious Renown","4","Delegatus",""
"0652-JV","Alpha Legion","Onslaught","Orphans of War","Sons of Horus","Master of Offence","13","Praetor Tribune",""
"0653-SE","Emperor's Children","Crusade","","","Blind Barrage","7","Centurion",""
"0653-ZF","Iron Hands","Crusade","The Pale Hunters","","The Dust of a Thousand Worlds","4","Herald",""
"0654-JK","White Scars","Onslaught","The Unbroken Vow","Militia & Cults","World Burner","9","Herald",""
"0654-JM","Salamanders","Leviathan","The Awakening Fire","World Eaters","Hell Rider","2","Esoterist",""
"0655-UZ","World Eaters","Castellan","Orbital Assault","Dark Angels","Paladin of Glory","5","Moritat",""
"0655-ZU","Imperial Fists","Castellan","","","Favoured of Mars","2","Esoterist",""
"0656-NB","Questoris Knights","Onslaught","","","Merchant Princeling","8","Seneschal",""
"0656-XG","Alpha Legion","Leviathan","","","Lord of the Abyss","15","Mortificator",""
"0657-KT","Night Lords","Leviathan","Terror Assault","","Strategic Genius","3","Librarian",""
"0657-XG","White Scars","Onslaught","Drop Assault Vanguard","","Connoisseur of Alien Curios","15","Moritat",""
"0658-KV","Militia & Cults","Onslaught","","","Merchant Princeling","12","Rogue Psyker",""
"0658-WG","Ultramarines","Crusade","The Logos Lectora","","The Death of Flesh","10","Warmonger",""
"0659-PE","Word Bearers","Leviathan","Zone Mortalis Assault Force","","Target Priority","8","Primus Nullificator",""
"0659-XB","Iron Hands","Castellan","Creeping Death","","World Burner","8","Master of Signals",""
"0660-KC","Raven Guard","Castellan","The Stone Gauntlet","","Child of Terra","10","Centurion",""
"0660-XP","Thousand Sons","Crusade","Liberation Force","Space Wolves","Princeps of Deceit","10","Armistos",""
"0661-FJ","Salamanders","Crusade","Horror Cult","","Connoisseur of Alien Curios","14","Moritat",""
"0661-LC","Night Lords","Castellan","","","The Death of Flesh","4","Warmonger",""
"0662-DG","Night Lords","Onslaught","The Logos Lectora","Salamanders","Night Attacker","15","Champion",""
"0662-SM","Alpha Legion","Onslaught","Outlanders","","Glorious Renown","11","Praetor",""
"0663-JR","Raven Guard","Castellan","","","Immovable Object","1","Delegatus",""
"0663-OW","Iron Hands","Onslaught","The Eskaton Imperative","","Puissant Commander","13","Praetor",""
"0664-IC","Solar Auxilia","Castellan","","","Void Walker","4","Lord Marshal",""
"0664-WD","Space Wolves","Onslaught","Orphans of Betrayal","","Night Attacker","5","Praetor",""
"0665-BD","Iron Warriors","Leviathan","After Isstvan","","Intimidating Presence","7","Herald",""
"0665-JX","Shattered Legions","Crusade","The Axis of Dissolution","","Princeps of Deceit","15","Mortificator",""
"0666-FM","Salamanders","Onslaught","The Awakening Fire","","Master of Manoeuvre","15","Siege Breaker",""
"0666-NE","Sons of Horus","Leviathan","Death Seekers","","Perfected Targeting","14","Forge Lord",""
"0667-AP","Ultramarines","Leviathan","Sky Hunter Phalanx","Salamanders","Battlefield Analysis","13","Mortificator",""
"0667-TJ","Ultramarines","Leviathan","The Serpent's Bane","","Divide to Conquer","1","Praevian",""
"0668-LE","Imperial Fists","Onslaught","Legion Recon Company","","Lord of the Abyss","11","Librarian",""
"0668-XA","Iron Hands","Crusade","Horror Cult","","Bloody Handed","1","Forge Lord",""
"0669-KA","Word Bearers","Leviathan","Drop Assault Vanguard","","Immovable Object","9","Praevian",""
"0669-LY","Dark Angels","Castellan","The Seekers Arrow","","Battlefield Analysis","4","Chaplain",""
"0670-FV","Ultramarines","Castellan","The Dark Brethren","Imperial Fists","Void Walker","13","Master of Signals",""
"0670-XP","World Eaters","Crusade","","","Tenacity","15","Master of Signals",""
"0671-CT","Blood Angels","Onslaught","","","Master of the Vanguard","5","Moritat",""
"0671-TF","Iron Hands","Castellan","The Serpent's Bane","","Tenacity","6","Warmonger",""
"0672-SC","Death Guard","Onslaught","Ravenwing Protocol","Death Guard","Siege Master","15","Praevian",""
"0672-ZN","Raven Guard","Onslaught","Zone Mortalis Assault Force","","Connoisseur of Alien Curios","13","Siege Breaker",""
"0673-QQ","Alpha Legion","Leviathan","","Solar Auxilia","Immovable Object","3","Moritat",""
"0673-RT","Raven Guard","Crusade","Brethren of Iron","","Tenacity","15","Praevian",""
"0674-MQ","Blood Angels","Crusade","","Word Bearers","Marcher Lord","6","Master of Signals",""
"0674-UC","Blood Angels","Castellan","The Steel Fist","","The Death of Flesh","2","Master of Signals",""
"0675-LV","Space Wolves","Crusade","","","Glorious Renown","15","Mortificator",""
"0675-MH","Salamanders","Leviathan","The Day of Sorrow","","Target Priority","5","Librarian",""
"0676-HI","Iron Warriors","Onslaught","The Pale Hunters","","Master of the Vanguard","14","Champion",""
"0676-ZF","Salamanders","Leviathan","Chymeriae","","Target Priority","14","Librarian",""
"0677-RF","Imperial Fists","Onslaught","The Maru Skara","Word Bearers","Master of the Vanguard","1","Mortificator",""
"0677-TG","Alpha Legion","Leviathan","Death Seekers","","Target Priority","15","Praetor",""
"0678-HZ","Night Lords","Castellan","","","Hell Rider","7","Vigilator",""
"0678-VI","Dark Angels","Castellan","","","Hell Rider","10","Forge Lord",""
"0679-JB","Death Guard","Crusade","3rd Company Elite","","The Dust of a Thousand Worlds","14","Mortificator",""
"0679-QD","Emperor's Children","Leviathan","3rd Company Elite","","Siege Master","7","Centurion",""
"0680-FE","Death Guard","Onslaught","The Covenant of Fire","","Shattering Bombardment","9","Centurion",""
"0680-RP","Imperial Fists","Onslaught","","","Master of Manoeuvre","8","Forge Lord",""
"0681-DH","Blood Angels","Onslaught","","Raven Guard","Marcher Lord","2","Librarian",""
"0681-IA","Ultramarines","Castellan","","Space Wolves","The Dust of a Thousand Worlds","7","Praevian",""
"0682-ED","Questoris Knights","Crusade","","","Puissant Commander","13","Seneschal",""
"0682-FV","Militia & Cults","Crusade","","","Void Walker","1","Platoon Commander",""
"0683-RS","Shattered Legions","Onslaught","Ironwing Protocol","","Master of Offence","14","Forge Lord",""
"0683-XP","White Scars","Leviathan","","","Ruthless Tyrant","8","Forge Lord",""
"0684-ET","Word Bearers","Onslaught","","","Master of Defence","9","Primus Nullificator",""
"0684-RE","Ultramarines","Castellan","","","Paladin of Glory","12","Primus Nullificator",""
"0685-FW","Mechanicum","Castellan","","","Marcher Lord","2","Magos Reductor",""
"0685-KE","Thousand Sons","Crusade","Death Seekers","","Uncanny Survivor","9","Primus Medicae",""
"0686-OR","Shattered Legions","Crusade","","","Strategic Genius","10","Primus Nullificator",""
"0686-WI","Mechanicum","matrixOfRuin","","","Child of Terra","4","Magos reductor",""
"0687-IF","Dark Angels","Leviathan","Creeping Death","Iron Warriors","Ruthless Tyrant","8","Armistos",""
"0687-TY","Space Wolves","Crusade","Decapitation Strike","","Intimidating Presence","15","Warmonger",""
"0688-CU","Shattered Legions","Onslaught","Company of Bitter Iron","","Ruthless Tyrant","1","Warmonger",""
"0688-KK","Militia & Cults","Leviathan","","Dark Angels","Intimidating Presence","5","Force Commander",""
"0689-AN","Imperial Fists","Onslaught","Liberation Force","Iron Warriors","Perfected Targeting","9","Librarian",""
"0689-CY","Word Bearers","Crusade","","Word Bearers","Night Attacker","11","Mortificator",""
"0690-RU","Word Bearers","Crusade","","","Legendary Fighter","11","Master of Signals",""
"0690-WF","Salamanders","Castellan","","","Master of Ambush","4","Moritat",""
"0691-AI","Space Wolves","Castellan","Chogorian Brotherhood","","Strategic Genius","10","Moritat",""
"0691-WV","Blackshields","Leviathan","Terror Assault","","Puissant Commander","3","Primus Nullificator",""
"0692-BK","Imperial Fists","Leviathan","The Black Reaving","","Master of Defence","9","Librarian",""
"0692-OF","Death Guard","Onslaught","","Imperial Fists","Bloody Handed","1","Centurion",""
"0693-AN","Thousand Sons","Onslaught","","","Void Master","15","Warmonger",""
"0693-OM","Sons of Horus","Onslaught","The Storm of War","","Marcher Lord","2","Mortificator",""
"0694-CS","Militia & Cults","Castellan","","","Shattering Bombardment","15","Discipline Master",""
"0694-UN","Ultramarines","Castellan","Berserker Assault","","Indomitable","10","Mortificator",""
"0695-QP","Shattered Legions","Leviathan","","White Scars","Blind Barrage","7","Master of Signals",""
"0695-YO","Raven Guard","Castellan","","","Child of Terra","12","Forge Lord",""
"0696-GE","Ultramarines","Leviathan","Zone Mortalis Assault Force","","Void Walker","11","Warmonger",""
"0696-JZ","Sons of Horus","Onslaught","Ironfire","","Paladin of Glory","8","Forge Lord",""
"0697-LU","Iron Hands","Crusade","Primarch's Chosen","","Child of Terra","2","Siege Breaker",""
"0697-MO","World Eaters","Leviathan","","Mechanicum","Bloody Handed","6","Primus Medicae",""
"0698-PN","Blackshields","Leviathan","","","Battlefield Analysis","7","Siege Breaker",""
"0698-QI","Ultramarines","Castellan","Orphans of War","","Bitter Blood","9","Librarian",""
"0699-PG","Mechanicum","Castellan","Ordo Reductor","Dark Angels","Princeps of Deceit","9","Magos reductor",""
"0699-RG","Alpha Legion","Castellan","The Head of the Gorgon","Salamanders","Legendary Fighter","11","Chaplain",""
"0700-MY","Sons of Horus","Crusade","The Steel Fist","","Blind Barrage","1","Delegatus",""
"0700-WA","Night Lords","Onslaught","","Mechanicum","Night Attacker","1","Primus Medicae",""
"0701-IX","White Scars","Leviathan","","Emperor's Children","Target Priority","1","Armistos",""
"0701-VP","Mechanicum","Crusade","","","Bloody Handed","10","Magos Prime",""
"0702-RX","Night Lords","Castellan","Hammerfell Strike Force","Sons of Horus","Legendary Fighter","10","Master of Signals",""
"0702-VI","Raven Guard","Crusade","","","Paladin of Glory","11","Master of Signals",""
"0703-GM","White Scars","Castellan","","","Bloody Handed","7","Vigilator",""
"0703-LV","Iron Hands","Castellan","Hunter-Killer Mission","","Legendary Fighter","15","Librarian",""
"0704-AR","Shattered Legions","Leviathan","Ravenwing Protocol","","Connoisseur of Alien Curios","3","Champion",""
"0704-PW","Blood Angels","Onslaught","The Swift Blade","","The Death of Flesh","2","Esoterist",""
"0705-BG","Alpha Legion","Leviathan","Orphans of War","","Void Walker","15","Siege Breaker",""
"0705-IN","Ultramarines","Crusade","","","Merchant Princeling","9","Mortificator",""
"0706-GD","Ultramarines","Onslaught","The Stone Gauntlet","Blood Angels","Dread Rites","6","Chaplain",""
"0706-PL","Mechanicum","Leviathan","Legio Cybernetica","","Paladin of Glory","9","Secutarii Axiarch",""
"0707-EI","Emperor's Children","Crusade","Brethren of Iron","","Divide to Conquer","9","Vigilator",""
"0707-ZB","Thousand Sons","Crusade","3rd Company Elite","","Master of Mechanisms","3","Herald",""
"0708-OJ","Iron Warriors","Crusade","","","Master of Mechanisms","8","Praetor",""
"0708-YN","Emperor's Children","Castellan","","","Void Master","13","Esoterist",""
"0709-NT","Salamanders","Crusade","","","Perfected Targeting","5","Delegatus",""
"0709-QL","Raven Guard","Onslaught","","Mechanicum","Coordinated Assault","7","Primus Medicae",""
"0710-AB","Emperor's Children","Castellan","Orphans of War","Raven Guard","Legendary Fighter","15","Forge Lord",""
"0710-QG","White Scars","Onslaught","Outlanders","","Master of Defence","5","Chaplain",""
"0711-ER","Word Bearers","Leviathan","Chogorian Brotherhood","","Conqueror of Cities","4","Vigilator",""
"0711-MX","World Eaters","Onslaught","","","Connoisseur of Alien Curios","4","Delegatus",""
"0712-EO","Sons of Horus","Castellan","","Imperial Fists","Glorious Renown","7","Librarian",""
"0712-SA","Iron Hands","Onslaught","","Blood Angels","Strategic Genius","9","Herald",""
"0713-KK","Word Bearers","Castellan","Ironwing Protocol","","Robber Baron","7","Moritat",""
"0713-LD","Shattered Legions","Crusade","Headhunter Leviathal","Imperial Fists","Marcher Lord","11","Mortificator",""
"0714-DD","World Eaters","Castellan","Angel's Wrath","","Master of Mechanisms","14","Master of Signals",""
"0714-ZV","Blackshields","Onslaught","","","Master of Mechanisms","7","Armistos",""
"0715-AR","Iron Hands","Onslaught","The Pale Hunters","Thousand Sons","The Dust of a Thousand Worlds","9","Siege Breaker",""
"0715-UI","Space Wolves","Onslaught","Last of the Serrated Sun","World Eaters","Master Tactician","4","Praevian",""
"0716-HW","Raven Guard","Castellan","","","Void Master","13","Armistos",""
"0716-PP","Iron Hands","Castellan","Chymeriae","","Puissant Commander","3","Vigilator",""
"0717-GD","White Scars","Onslaught","The Long March","","Master of Mechanisms","8","Mortificator",""
"0717-HW","White Scars","Crusade","Fury of the Ancients","","Master of Offence","5","Primus Medicae",""
"0718-VB","Thousand Sons","Onslaught","Decapitation Strike","","Coordinated Assault","9","Warmonger",""
"0718-VQ","World Eaters","Leviathan","The Hammer of Olympia","Blood Angels","Master of the Vanguard","15","Mortificator",""
"0719-RM","Emperor's Children","Crusade","Horror Cult","","Ruthless Tyrant","1","Praetor",""
"0719-SA","Word Bearers","Onslaught","","World Eaters","Night Attacker","13","Master of Signals",""
"0720-DH","Iron Hands","Onslaught","","Iron Hands","Master of Manoeuvre","3","Master of Signals",""
"0720-KD","Ultramarines","Leviathan","Pride of the Legion","","Bitter Blood","1","Armistos",""
"0721-KN","Mechanicum","matrixOfRuin","Ordo Reductor","","Master of Defence","4","Magos Reductor Calleb Decima",""
"0721-LO","Raven Guard","Onslaught","Terror Assault","","Robber Baron","14","Vigilator",""
"0722-UY","Shattered Legions","Leviathan","","","Master of Defence","12","Librarian",""
"0722-VP","Death Guard","Onslaught","Decapitation Strike","","Glorious Renown","15","Moritat",""
"0723-BV","Imperial Fists","Castellan","Fury of the Ancients","Death Guard","Master of Offence","5","Armistos",""
"0723-HW","Iron Hands","Onslaught","Orbital Assault","","Predictive Augury","13","Primus Medicae",""
"0724-CL","Shattered Legions","Crusade","","","Target Priority","10","Warmonger",""
"0724-FO","Raven Guard","Crusade","","","Void Master","13","Delegatus",""
"0725-DN","World Eaters","Castellan","Hunter-Killer Mission","White Scars","Master of Manoeuvre","3","Warmonger",""
"0725-MA","Salamanders","Onslaught","The Maru Skara","","World Burner","6","Herald",""
"0726-DG","Alpha Legion","Leviathan","The Guard of the Crimson King","","Master of Manoeuvre","12","Master of Signals",""
"0726-NL","Word Bearers","Crusade","Berserker Assault","","Shattering Bombardment","8","Champion",""
"0727-GP","Sons of Horus","Leviathan","The Eskaton Imperative","","Master of Ambush","11","Moritat",""
"0727-WU","Space Wolves","Crusade","","Dark Angels","Dread Rites","11","Moritat",""
"0728-HE","White Scars","Castellan","Berserker Assault","","Master of Offence","9","Primus Nullificator",""
"0728-PH","Sons of Horus","Castellan","","","Marcher Lord","2","Esoterist",""
"0729-QB","Blackshields","Onslaught","Sky Hunter Phalanx","Ultramarines","Immovable Object","3","Vigilator",""
"0729-ZR","Raven Guard","Castellan","Liberation Force","","Master Tactician","13","Master of Signals",""
"0730-AF","Sons of Horus","Onslaught","Death Seekers","","Lord of the Abyss","8","Praetor",""
"0730-VT","Death Guard","Castellan","Chogorian Brotherhood","","Puissant Commander","5","Chaplain",""
"0731-HC","Iron Hands","Castellan","","Ultramarines","Hell Rider","12","Praevian",""
"0731-QW","Mechanicum","Leviathan","","Questoris Knights","Target Priority","15","Anacharis Scoria",""
"0732-AA","Word Bearers","Crusade","Sagyar Mazan","Shattered Legions","Uncanny Survivor","6","Vigilator",""
"0732-GZ","Sons of Horus","Onslaught","Armoured Breakthrough","","Merchant Princeling","1","Herald",""
"0733-AU","Blood Angels","Castellan","Armoured Breakthrough","","Blind Barrage","11","Master of Signals",""
"0733-TE","Mechanicum","Leviathan","Legio Cybernetica","","Strategic Genius","14","Secutarii Axiarch",""
"0734-HD","Shattered Legions","Crusade","Orphans of Betrayal","Iron Hands","The Dust of a Thousand Worlds","15","Armistos",""
"0734-SX","Solar Auxilia","Castellan","","","Master of Ambush","15","Lord Marshal Ireton MaSade",""
"0735-LK","Solar Auxilia","Leviathan","","Mechanicum","Predictive Augury","9","Strategos",""
"0735-ZB","Iron Warriors","Crusade","","","Shattering Bombardment","14","Forge Lord",""
"0736-XN","Salamanders","Crusade","","","Puissant Commander","1","Siege Breaker",""
"0736-ZA","Space Wolves","Onslaught","Armoured Breakthrough","","Shattering Bombardment","1","Vigilator",""
"0737-AP","Militia & Cults","Castellan","","","Master of Defence","12","Platoon Commander",""
"0737-LK","Iron Warriors","Castellan","The Bloodied Gauntlet","","Predictive Augury","5","Centurion",""
"0738-LE","Questoris Knights","Castellan","","Salamanders","Master of Ambush","5","Lord Scion",""
"0738-TP","Salamanders","Onslaught","Headhunter Leviathal","","Void Walker","14","Librarian",""
"0739-LO","Raven Guard","Crusade","The Dark Brethren","","Immovable Object","10","Warmonger",""
"0739-TD","Militia & Cults","Castellan","","","Night Attacker","9","Rogue Psyker",""
"0740-UI","Ultramarines","Leviathan","Orphans of Betrayal","","Beloved of the People","3","Moritat",""
"0740-YI","Militia & Cults","Castellan","","","Predictive Augury","2","Rogue Psyker",""
"0741-EB","Blackshields","Leviathan","Fury of the Ancients","","Void Master","6","Vigilator",""
"0741-JX","Night Lords","Crusade","","Thousand Sons","Siege Master","2","Armistos",""
"0742-TM","World Eaters","Onslaught","The Reaping","Night Lords","Marcher Lord","7","Centurion",""
"0742-XY","Dark Angels","Leviathan","Zone Mortalis Assault Force","Sons of Horus","Blind Barrage","8","Praetor",""
"0743-GI","Iron Hands","Crusade","Drop Assault Vanguard","","Favoured of Mars","2","Mortificator",""
"0743-WL","Blackshields","Onslaught","Terror Assault","Death Guard","The Dust of a Thousand Worlds","4","Armistos",""
"0744-JX","Thousand Sons","Leviathan","Ravenwing Protocol","","Divide to Conquer","11","Vigilator",""
"0744-XS","Blood Angels","Leviathan","The Maru Skara","","Favoured of Mars","13","Vigilator",""
"0745-BN","Blackshields","Crusade","Pride of the Legion","Thousand Sons","Hell Rider","10","Delegatus",""
"0745-YY","Dark Angels","Leviathan","The Bloodied Claws","","Master of Ambush","15","Vigilator",""
"0746-UF","Raven Guard","Leviathan","","","Intimidating Presence","6","Forge Lord",""
"0746-YM","Mechanicum","Onslaught","Legio Cybernetica","Blood Angels","Ruthless Tyrant","2","Archmagos Inar Satarael",""
"0747-RH","Ultramarines","Onslaught","","","Favoured of Mars","4","Forge Lord",""
"0747-TE","Night Lords","Castellan","The Guard of the Crimson King","","Master of Offence","14","Armistos",""
"0748-AQ","Death Guard","Leviathan","The Head of the Gorgon","","The Death of Flesh","11","Moritat",""
"0748-PR","Space Wolves","Crusade","The Day of Revelation","Solar Auxilia","Master of Defence","15","Champion",""
"0749-PC","Night Lords","Onslaught","The Dark Brethren","","Hell Rider","4","Delegatus",""
"0749-QR","Blackshields","Onslaught","The Bloodied Claws","","Siege Master","3","Primus Nullificator",""
"0750-CM","Death Guard","Leviathan","","","Void Master","14","Esoterist",""
"0750-RN","Night Lords","Onslaught","","","Beloved of the People","2","Siege Breaker",""
"0751-DZ","Raven Guard","Crusade","Hunter-Killer Mission","","The Death of Flesh","2","Moritat",""
"0751-HV","Questoris Knights","Leviathan","","Alpha Legion","Master of the Vanguard","8","Lord Scion",""
"0752-EW","Imperial Fists","Castellan","","","Master of the Vanguard","14","Chaplain",""
"0752-SZ","Questoris Knights","Castellan","","","Intimidating Presence","5","Lord Scion",""
"0753-IC","Questoris Knights","Crusade","","","Child of Terra","4","Seneschal",""
"0753-VR","Dark Angels","Leviathan","Legion Recon Company","","Master of Defence","6","Primus Nullificator",""
"0754-FH","Blackshields","Onslaught","The Axis of Dissolution","","Blind Barrage","7","Primus Nullificator",""
"0754-MX","Militia & Cults","Onslaught","","Death Guard","Bitter Blood","10","Rogue Psyker",""
"0755-NG","Alpha Legion","Crusade","After Isstvan","","Master of the Vanguard","11","Librarian",""
"0755-WT","Alpha Legion","Castellan","Liberation Force","Iron Warriors","Master of Defence","6","Delegatus",""
"0756-CB","Imperial Fists","Castellan","The Cross of Bone","","Glorious Renown","15","Delegatus",""
"0756-VH","Space Wolves","Castellan","Horror Cult","","Strategic Genius","14","Master of Signals",""
"0757-VO","Dark Angels","Leviathan","Sky Hunter Phalanx","Word Bearers","Perfected Targeting","3","Librarian",""
"0757-XL","Raven Guard","Castellan","","","Master of Ambush","15","Vigilator",""
"0758-RR","Sons of Horus","Crusade","Hammerfell Strike Force","","Bloody Handed","6","Librarian",""
"0758-WE","Ultramarines","Onslaught","The Maru Skara","","Perfected Targeting","4","Praetor Tribune",""
"0759-IE","Militia & Cults","Crusade","","","Master Tactician","10","Rogue Psyker Alpha",""
"0759-IO","Ultramarines","Castellan","Ravenwing Protocol","Solar Auxilia","Blind Barrage","14","Praetor",""
"0760-LE","Death Guard","Onslaught","","Ultramarines","Void Walker","14","Herald",""
"0760-YM","Word Bearers","Leviathan","Primarch's Chosen","Space Wolves","Master of Ambush","13","Primus Medicae",""
"0761-JG","Sons of Horus","Castellan","Vigil Opertii Mission","Emperor's Children","Coordinated Assault","12","Chaplain",""
"0761-KM","Thousand Sons","Castellan","Sky Hunter Phalanx","","Battlefield Analysis","9","Moritat",""
"0762-FD","Emperor's Children","Castellan","","","Master of Mechanisms","14","Centurion",""
"0762-PK","Raven Guard","Onslaught","The Hammer of Olympia","","The Death of Flesh","15","Moritat",""
"0763-AJ","Ultramarines","Onslaught","The Serpent's Bane","","Master Tactician","6","Primus Nullificator",""
"0763-JC","Alpha Legion","Crusade","Orphans of War","","Intimidating Presence","2","Praevian",""
"0764-WT","Salamanders","Onslaught","","Thousand Sons","The Death of Flesh","2","Master of Signals",""
"0764-XX","Death Guard","Onslaught","","","Master of Defence","15","Praetor",""
"0765-GT","White Scars","Onslaught","","Space Wolves","Indomitable","9","Centurion",""
"0765-YJ","Mechanicum","Castellan","Legio Cybernetica","","Divide to Conquer","7","Archmagos Dominus",""
"0766-DV","Ultramarines","Crusade","Sagyar Mazan","White Scars","Tenacity","10","Chaplain",""
"0766-NE","Militia & Cults","Castellan","","","Princeps of Deceit","7","Rogue Psyker Alpha",""
"0767-ER","Questoris Knights","Crusade","","Ultramarines","Strategic Genius","14","Seneschal",""
"0767-FE","World Eaters","Leviathan","After Isstvan","","Princeps of Deceit","5","Delegatus",""
"0768-OM","Raven Guard","Onslaught","","","Void Walker","15","Moritat",""
"0768-VB","Questoris Knights","Crusade","","","Beloved of the People","10","Seneschal",""
"0769-DF","Shattered Legions","Leviathan","","","Master of Manoeuvre","7","Warmonger",""
"0769-OA","Solar Auxilia","Crusade","","","Dread Rites","11","Strategos",""
"0770-PD","Iron Warriors","Onslaught","Liberation Force","Alpha Legion","Master of Ambush","8","Praevian",""
"0770-YO","Ultramarines","Onslaught","Zone Mortalis Assault Force","","Master of Offence","7","Warmonger",""
"0771-LT","Night Lords","Crusade","The Eskaton Imperative","","Siege Master","7","Chaplain",""
"0771-WW","Solar Auxilia","Onslaught","","","Master of Ambush","6","Lord Marshal Ireton MaSade",""
"0772-BF","Iron Hands","Onslaught","Decapitation Strike","","Siege Master","12","Moritat",""
"0772-XM","Night Lords","Leviathan","The Day of Revelation","","Intimidating Presence","15","Primus Medicae",""
"0773-DX","World Eaters","Castellan","Zone Mortalis Assault Force","","Bitter Blood","10","Champion",""
"0773-HL","Night Lords","Leviathan","","","Master of Manoeuvre","3","Mortificator",""
"0774-HW","Solar Auxilia","Crusade","","","Hell Rider","12","Lord Marshal Ireton MaSade",""
"0774-PC","Raven Guard","Leviathan","Armoured Breakthrough","Alpha Legion","Night Attacker","11","Praevian",""
"0775-CC","Solar Auxilia","Onslaught","","","Master of Offence","9","Auxilia Tank Commander",""
"0775-CX","Alpha Legion","Castellan","","","Blind Barrage","10","Praevian",""
"0776-NK","Sons of Horus","Castellan","Sacrificial Offering","","Target Priority","4","Delegatus",""
"0776-PU","Imperial Fists","Crusade","The Bloodied Gauntlet","","Master of Defence","14","Vigilator",""
"0777-KC","Questoris Knights","Castellan","","Shattered Legions","Beloved of the People","14","Lord Scion",""
"0777-LX","World Eaters","Crusade","The Day of Revelation","","Legendary Fighter","2","Forge Lord",""
"0778-EJ","Blood Angels","Crusade","","","Shattering Bombardment","11","Praetor Tribune",""
"0778-UB","Iron Hands","Onslaught","The Bloodied Gauntlet","Word Bearers","Coordinated Assault","5","Mortificator",""
"0779-AN","Iron Warriors","Onslaught","3rd Company Elite","","Master Tactician","7","Forge Lord",""
"0779-ID","Raven Guard","Onslaught","","Dark Angels","Master of Manoeuvre","7","Centurion",""
"0780-DS","Mechanicum","matrixOfRuin","Ordo Reductor","Raven Guard","Target Priority","7","Archmagos Inar Satarael",""
"0780-MS","Salamanders","Onslaught","Terror Assault","","Predictive Augury","15","Praevian",""
"0781-RI","Word Bearers","Onslaught","The Unbroken Vow","","Intimidating Presence","10","Praetor",""
"0781-XV","Alpha Legion","Castellan","","","Immovable Object","1","Master of Signals",""
"0782-MO","Ultramarines","Crusade","","","Master of Manoeuvre","12","Warmonger",""
"0782-ON","Death Guard","Crusade","","","Intimidating Presence","4","Primus Medicae",""
"0783-PA","Militia & Cults","Castellan","","","Robber Baron","4","Discipline Master",""
"0783-QS","Sons of Horus","Crusade","","World Eaters","Master of Offence","4","Moritat",""
"0784-BF","Shattered Legions","Crusade","","","Void Walker","9","Forge Lord",""
"0784-QO","World Eaters","Castellan","Orphans of Betrayal","Salamanders","Beloved of the People","1","Primus Nullificator",""
"0785-KU","Death Guard","Crusade","The Steel Fist","","Conqueror of Cities","7","Champion",""
"0785-WN","Dark Angels","Crusade","The Serpent's Bane","Dark Angels","Blind Barrage","7","Praetor",""
"0786-II","Alpha Legion","Onslaught","","","Hell Rider","8","Armistos",""
"0786-KL","Sons of Horus","Crusade","The Eskaton Imperative","","Divide to Conquer","14","Praetor",""
"0787-OA","Alpha Legion","Crusade","","","Lord of the Abyss","13","Praetor Tribune",""
"0787-VG","Space Wolves","Crusade","","Death Guard","Shattering Bombardment","14","Praevian",""
"0788-FT","Blood Angels","Onslaught","3rd Company Elite","","Legendary Fighter","15","Vigilator",""
"0788-RP","Emperor's Children","Onslaught","Chymeriae","","Ruthless Tyrant","6","Centurion",""
"0789-MK","Dark Angels","Crusade","","","Ruthless Tyrant","9","Primus Medicae",""
"0789-WP","Dark Angels","Castellan","The Long March","","Puissant Commander","3","Centurion",""
"0790-JY","Death Guard","Crusade","Creeping Death","","The Dust of a Thousand Worlds","2","Siege Breaker",""
"0790-TU","Mechanicum","Castellan","","Alpha Legion","Uncanny Survivor","14","Magos Dominus",""
"0791-WL","Thousand Sons","Leviathan","The Eskaton Imperative","","Bloody Handed","9","Praetor",""
"0791-XJ","Death Guard","Crusade","","Mechanicum","Glorious Renown","14","Primus Nullificator",""
"0792-EY","Imperial Fists","Crusade","3rd Company Elite","Dark Angels","Night Attacker","1","Esoterist",""
"0792-PW","Militia & Cults","Onslaught","","","Tenacity","7","Rogue Psyker",""
"0793-XL","Dark Angels","Onslaught","","","Void Walker","5","Centurion",""
"0793-YF","Blood Angels","Onslaught","Zone Mortalis Assault Force","Iron Warriors","Puissant Commander","14","Librarian",""
"0794-RQ","World Eaters","Castellan","Decapitation Strike","","Ruthless Tyrant","3","Siege Breaker",""
"0794-VI","Blood Angels","Leviathan","The Swift Blade","Alpha Legion","The Dust of a Thousand Worlds","13","Herald",""
"0795-JX","Mechanicum","Castellan","Ordo Reductor","","Immovable Object","6","Magos Reductor Calleb Decima",""
"0795-SZ","Dark Angels","Crusade","Decapitation Strike","Iron Hands","Puissant Commander","1","Siege Breaker",""
"0796-HA","Dark Angels","Castellan","The Coils of the Hydra","","Void Master","14","Praevian",""
"0796-IM","Dark Angels","Crusade","Decapitation Strike","","Child of Terra","8","Praetor Tribune",""
"0797-BQ","Emperor's Children","Leviathan","Outlanders","White Scars","Bitter Blood","1","Chaplain",""
"0797-RA","Space Wolves","Onslaught","Terror Assault","","Uncanny Survivor","4","Warmonger",""
"0798-DT","White Scars","Crusade","","","Intimidating Presence","2","Delegatus",""
"0798-IH","Blood Angels","Leviathan","Last of the Serrated Sun","","Indomitable","4","Champion",""
"0799-DJ","Word Bearers","Crusade","The Black Reaving","","Master of Offence","15","Librarian",""
"0799-JY","Sons of Horus","Leviathan","The Crimson Path","","Inspiring Presence","11","Vigilator",""
"0800-GO","Word Bearers","Castellan","The Seekers Arrow","","Paladin of Glory","10","Primus Medicae",""
"0800-IT","Sons of Horus","Crusade","Chymeriae","","Puissant Commander","9","Armistos",""
"0801-HR","Iron Warriors","Onslaught","Outcast Sons","","Tenacity","13","Herald",""
"0801-JA","World Eaters","Crusade","3rd Company Elite","","Paladin of Glory","8","Praetor",""
"0802-VZ","Emperor's Children","Crusade","","","Coordinated Assault","14","Forge Lord",""
"0802-YI","Imperial Fists","Leviathan","","","Uncanny Survivor","8","Delegatus",""
"0803-EV","Raven Guard","Leviathan","Ironfire","","Strategic Genius","13","Delegatus",""
"0803-OM","World Eaters","Onslaught","The Maru Skara","","Princeps of Deceit","4","Moritat",""
"0804-IF","Salamanders","Castellan","","Sons of Horus","Connoisseur of Alien Curios","15","Librarian",""
"0804-QY","White Scars","Castellan","","","Coordinated Assault","12","Praetor Tribune",""
"0805-IE","Word Bearers","Leviathan","Hammerfell Strike Force","Questoris Knights","Glorious Renown","2","Champion",""
"0805-TJ","Thousand Sons","Castellan","Ironwing Protocol","White Scars","Legendary Fighter","7","Librarian",""
"0806-IR","Sons of Horus","Leviathan","","","The Death of Flesh","6","Chaplain",""
"0806-RC","Dark Angels","Crusade","The Unbroken Vow","","Intimidating Presence","1","Centurion",""
"0807-LC","Ultramarines","Leviathan","","","The Dust of a Thousand Worlds","7","Herald",""
"0807-UY","Night Lords","Leviathan","The Covenant of Fire","World Eaters","Dread Rites","10","Esoterist",""
"0808-HP","Salamanders","Leviathan","Drop Assault Vanguard","","Divide to Conquer","9","Forge Lord",""
"0808-LF","Salamanders","Leviathan","Hammerfell Strike Force","","Dread Rites","3","Warmonger",""
"0809-BB","Salamanders","Crusade","The Covenant of Fire","Blood Angels","Legendary Fighter","1","Chaplain",""
"0809-KV","Solar Auxilia","Leviathan","","Emperor's Children","Favoured of Mars","13","Auxilia Tank Commander",""
"0810-HC","Iron Hands","Leviathan","The Eskaton Imperative","Militia & Cults","Bloody Handed","14","Armistos",""
"0810-OT","Word Bearers","Onslaught","","","Master of Manoeuvre","10","Vigilator",""
"0811-RL","Space Wolves","Onslaught","Armoured Spearhead","","Blind Barrage","14","Librarian",""
"0811-XQ","Iron Warriors","Castellan","Armoured Spearhead","","The Dust of a Thousand Worlds","14","Centurion",""
"0812-NK","Ultramarines","Crusade","After Isstvan","","The Dust of a Thousand Worlds","7","Armistos",""
"0812-TI","World Eaters","Leviathan","","","Master Tactician","15","Vigilator",""
"0813-KP","Night Lords","Onslaught","","","Master of Mechanisms","2","Moritat",""
"0813-PF","Questoris Knights","Castellan","","","Hell Rider","4","Archmagos Draykavac",""
"0814-EH","Word Bearers","Leviathan","","Blood Angels","Legendary Fighter","10","Delegatus",""
"0814-YH","World Eaters","Castellan","","","Child of Terra","11","Praetor",""
"0815-CA","Iron Warriors","Crusade","","","Divide to Conquer","13","Praetor Tribune",""
"0815-ST","Night Lords","Onslaught","Pride of the Legion","","Merchant Princeling","12","Centurion",""
"0816-HS","Night Lords","Castellan","The Dark Brethren","","Beloved of the People","7","Armistos",""
"0816-QY","Emperor's Children","Leviathan","","","Master of Offence","13","Mortificator",""
"0817-JA","Dark Angels","Leviathan","The Serpent's Bane","","Puissant Commander","11","Mortificator",""
"0817-LW","Ultramarines","Crusade","After Isstvan","","Favoured of Mars","9","Praevian",""
"0818-ON","Ultramarines","Castellan","Pride of the Legion","","Beloved of the People","13","Herald",""
"0818-SC","Death Guard","Crusade","","","Bloody Handed","7","Delegatus",""
"0819-FA","Shattered Legions","Castellan","The Logos Lectora","","Ruthless Tyrant","14","Primus Medicae",""
"0819-TU","Death Guard","Leviathan","The Axis of Dissolution","Space Wolves","Immovable Object","8","Champion",""
"0820-QD","Mechanicum","Onslaught","Legio Cybernetica","","Immovable Object","4","Anacharis Scoria",""
"0820-UF","Blackshields","Castellan","The Reaping","","Robber Baron","14","Primus Medicae",""
"0821-KS","World Eaters","Castellan","Horror Cult","","Siege Master","7","Primus Nullificator",""
"0821-ZA","Night Lords","Onslaught","The Logos Lectora","Space Wolves","Immovable Object","3","Siege Breaker",""
"0822-DN","Militia & Cults","Castellan","","Salamanders","Predictive Augury","10","Rogue Psyker Alpha",""
"0822-GN","Thousand Sons","Castellan","Death Seekers","","Master of Manoeuvre","2","Champion",""
"0823-DT","Iron Hands","Castellan","","Raven Guard","Merchant Princeling","2","Praetor",""
"0823-LV","White Scars","Castellan","Drop Assault Vanguard","","Immovable Object","5","Praetor Tribune",""
"0824-CZ","Mechanicum","Leviathan","","","The Death of Flesh","9","Archmagos Inar Satarael",""
"0824-VJ","Ultramarines","Castellan","","","Hell Rider","12","Esoterist",""
"0825-FL","Solar Auxilia","Leviathan","","Questoris Knights","Master of Ambush","10","Legate Commander",""
"0825-LD","Iron Warriors","Crusade","","","Master of Defence","14","Armistos",""
"0826-CQ","Alpha Legion","Onslaught","","","Puissant Commander","10","Praetor Tribune",""
"0826-FL","Solar Auxilia","Crusade","","White Scars","Blind Barrage","5","Strategos",""
"0827-LJ","World Eaters","Castellan","","","Uncanny Survivor","1","Praevian",""
"0827-TC","Iron Warriors","Leviathan","","","Target Priority","4","Champion",""
"0828-SZ","Emperor's Children","Onslaught","","","Predictive Augury","15","Praetor Tribune",""
"0828-YA","Emperor's Children","Onslaught","","","Coordinated Assault","1","Praevian",""
"0829-DL","White Scars","Leviathan","","","Perfected Targeting","3","Librarian",""
"0829-KW","Solar Auxilia","Castellan","","","Lord of the Abyss","9","Lord Marshal Ireton MaSade",""
"0830-BC","Ultramarines","Onslaught","","","Siege Master","12","Delegatus",""
"0830-US","Blood Angels","Crusade","","Ultramarines","Indomitable","7","Master of Signals",""
"0831-AU","Mechanicum","Onslaught","","Solar Auxilia","Void Walker","10","Archmagos Draykavac",""
"0831-IA","Alpha Legion","Castellan","The Eskaton Imperative","","Glorious Renown","4","Delegatus",""
"0832-GB","Imperial Fists","Leviathan","","Word Bearers","Favoured of Mars","9","Praetor",""
"0832-KG","Militia & Cults","Castellan","","","Master Tactician","15","Rogue Psyker",""
"0833-JE","Emperor's Children","Onslaught","","","Shattering Bombardment","1","Centurion",""
"0833-RF","Solar Auxilia","Castellan","","","Shattering Bombardment","14","Lord Marshal",""
"0834-KI","Thousand Sons","Leviathan","","","Night Attacker","14","Champion",""
"0834-XS","Night Lords","Onslaught","Legion Recon Company","Sons of Horus","Divide to Conquer","1","Moritat",""
"0835-LH","Space Wolves","Onslaught","","Word Bearers","Predictive Augury","3","Delegatus",""
"0835-XY","Iron Hands","Leviathan","","","Robber Baron","9","Armistos",""
"0836-GM","Shattered Legions","Onslaught","The Swift Blade","","Strategic Genius","3","Moritat",""
"0836-LD","Sons of Horus","Onslaught","The Steel Fist","Alpha Legion","Marcher Lord","5","Praetor Tribune",""
"0837-OZ","Imperial Fists","Onslaught","Orphans of Betrayal","","Master of the Vanguard","8","Centurion",""
"0837-XW","Blood Angels","Crusade","The Axis of Dissolution","","Robber Baron","6","Herald",""
"0838-CP","Iron Hands","Leviathan","","","Intimidating Presence","11","Centurion",""
"0838-YY","Death Guard","Leviathan","The Seekers Arrow","","The Dust of a Thousand Worlds","14","Moritat",""
"0839-HL","World Eaters","Crusade","The Day of Sorrow","Death Guard","Favoured of Mars","4","Warmonger",""
"0839-LP","Iron Hands","Castellan","Horror Cult","Blood Angels","Indomitable","2","Mortificator",""
"0840-AI","Salamanders","Castellan","","","Bloody Handed","15","Primus Medicae",""
"0840-JC","Blackshields","Crusade","","","Child of Terra","2","Moritat",""
"0841-XD","World Eaters","Crusade","","","Glorious Renown","4","Delegatus",""
"0841-ZI","Emperor's Children","Castellan","The Unbroken Vow","","Intimidating Presence","12","Praetor",""
"0842-FR","Iron Warriors","Onslaught","","","Conqueror of Cities","3","Centurion",""
"0842-QL","Word Bearers","Crusade","The Awakening Fire","","Void Master","2","Siege Breaker",""
"0843-MS","World Eaters","Crusade","The Steel Fist","","Master of Manoeuvre","13","Master of Signals",""
"0843-WX","Night Lords","Leviathan","The Long March","","Dread Rites","4","Herald",""
"0844-UB","Night Lords","Leviathan","The Crimson Path","","The Death of Flesh","3","Esoterist",""
"0844-UY","Shattered Legions","Leviathan","The Pale Hunters","Death Guard","The Death of Flesh","8","Praetor Tribune",""
"0845-IE","Questoris Knights","Castellan","","","Favoured of Mars","15","Archmagos Draykavac",""
"0845-YB","Emperor's Children","Leviathan","Primarch's Chosen","","Princeps of Deceit","8","Librarian",""
"0846-FC","Death Guard","Leviathan","","","Favoured of Mars","11","Master of Signals",""
"0846-UV","Dark Angels","Leviathan","Death Seekers","","Beloved of the People","14","Champion",""
"0847-EX","Salamanders","Crusade","Company of Bitter Iron","","Target Priority","6","Delegatus",""
"0847-WV","Raven Guard","Leviathan","Legion Recon Company","","Blind Barrage","13","Centurion",""
"0848-BG","Iron Warriors","Crusade","Pride of the Legion","Death Guard","Bloody Handed","15","Librarian",""
"0848-OQ","Iron Warriors","Onslaught","Angel's Wrath","","Princeps of Deceit","11","Master of Signals",""
"0849-GC","Militia & Cults","Castellan","","","Marcher Lord","2","Rogue Psyker",""
"0849-QS","Mechanicum","Leviathan","","","Battlefield Analysis","8","Magos Reductor Calleb Decima",""
"0850-FN","Questoris Knights","Leviathan","","","Target Priority","4","Archmagos Draykavac",""
"0850-KO","Imperial Fists","Castellan","The Cross of Bone","","Dread Rites","1","Esoterist",""
"0851-NO","Sons of Horus","Castellan","The Cross of Bone","","Target Priority","13","Moritat",""
"0851-RT","Raven Guard","Leviathan","Brethren of Iron","","Bloody Handed","9","Mortificator",""
"0852-XE","Iron Warriors","Leviathan","Creeping Death","","Hell Rider","15","Chaplain",""
"0852-ZF","Blackshields","Crusade","Outcast Sons","","Indomitable","2","Delegatus",""
"0853-CL","World Eaters","Onslaught","","","Siege Master","7","Warmonger",""
"0853-QH","Iron Warriors","Castellan","Chymeriae","","Divide to Conquer","10","Forge Lord",""
"0854-UO","Raven Guard","Onslaught","The Bloodied Gauntlet","","Dread Rites","3","Siege Breaker",""
"0854-VT","Word Bearers","Crusade","Legion Recon Company","","Predictive Augury","6","Chaplain",""
"0855-FE","Raven Guard","Castellan","Horror Cult","","Master of the Vanguard","7","Warmonger",""
"0855-OG","Solar Auxilia","Castellan","","","Conqueror of Cities","14","Legate Commander",""
"0856-OF","Mechanicum","matrixOfRuin","","Ultramarines","Princeps of Deceit","15","Secutarii Axiarch",""
"0856-QR","Iron Hands","Castellan","Armoured Breakthrough","Thousand Sons","Master of the Vanguard","7","Praetor Tribune",""
"0857-LZ","Questoris Knights","Crusade","","","Master of Manoeuvre","3","Seneschal",""
"0857-SN","Iron Hands","Leviathan","","","Siege Master","5","Esoterist",""
"0858-SU","Shattered Legions","Crusade","Sagyar Mazan","","Marcher Lord","14","Esoterist",""
"0858-SV","Raven Guard","Crusade","","Thousand Sons","Glorious Renown","10","Praevian",""
"0859-QM","Salamanders","Leviathan","","","Master of Offence","8","Praevian",""
"0859-ZO","Salamanders","Crusade","","","The Death of Flesh","15","Forge Lord",""
"0860-CC","Emperor's Children","Crusade","","","Predictive Augury","6","Centurion",""
"0860-ML","Thousand Sons","Castellan","The Covenant of Fire","","Blind Barrage","15","Praetor Tribune",""
"0861-HC","Alpha Legion","Castellan","Ironfire","","Legendary Fighter","6","Chaplain",""
"0861-ZG","Blood Angels","Onslaught","The Unbroken Vow","","Dread Rites","2","Forge Lord",""
"0862-QH","World Eaters","Castellan","","","Intimidating Presence","10","Delegatus",""
"0862-RJ","Blackshields","Castellan","Company of Bitter Iron","","Blind Barrage","7","Vigilator",""
"0863-CX","Ultramarines","Leviathan","","","Favoured of Mars","10","Praetor",""
"0863-QK","Word Bearers","Castellan","The Seekers Arrow","","Master of Offence","11","Praetor Tribune",""
"0864-DZ","Space Wolves","Leviathan","Armoured Spearhead","Salamanders","Puissant Commander","14","Delegatus",""
"0864-IA","Iron Warriors","Crusade","","","Child of Terra","13","Mortificator",""
"0865-GL","Salamanders","Castellan","","Salamanders","Robber Baron","6","Praetor Tribune",""
"0865-KH","Solar Auxilia","Onslaught","","","Indomitable","5","Legate Commander",""
"0866-VN","Alpha Legion","Onslaught","","Alpha Legion","Siege Master","6","Moritat",""
"0866-ZF","Iron Warriors","Leviathan","Ironwing Protocol","","Void Walker","11","Master of Signals",""
"0867-CF","White Scars","Crusade","","","Master of Defence","9","Moritat",""
"0867-VJ","Iron Hands","Castellan","The Bloodied Gauntlet","","Master of Manoeuvre","8","Warmonger",""
"0868-RP","Alpha Legion","Leviathan","Berserker Assault","Thousand Sons","Shattering Bombardment","11","Chaplain",""
"0868-YY","Imperial Fists","Leviathan","","Word Bearers","Legendary Fighter","1","Praetor Tribune",""
"0869-GG","Alpha Legion","Leviathan","Sacrificial Offering","","Princeps of Deceit","3","Librarian",""
"0869-SU","Salamanders","Onslaught","","","Robber Baron","8","Siege Breaker",""
"0870-HM","Imperial Fists","Onslaught","","","Beloved of the People","4","Primus Nullificator",""
"0870-SC","Imperial Fists","Crusade","The Serpent's Bane","","Immovable Object","8","Praetor Tribune",""
"0871-SU","World Eaters","Crusade","The Crimson Path","","Strategic Genius","4","Praevian",""
"0871-YG","Militia & Cults","Onslaught","","Raven Guard","Princeps of Deceit","1","Discipline Master",""
"0872-QQ","Word Bearers","Castellan","Sky Hunter Phalanx","","Indomitable","1","Praetor",""
"0872-UF","Militia & Cults","Leviathan","","","Divide to Conquer","6","Platoon Commander",""
"0873-LP","Shattered Legions","Crusade","","","Inspiring Presence","14","Praetor Tribune",""
"0873-NI","Sons of Horus","Leviathan","The Eskaton Imperative","","Void Walker","12","Master of Signals",""
"0874-RE","Shattered Legions","Crusade","The Storm of War","","Robber Baron","2","Primus Nullificator",""
"0874-WO","Raven Guard","Castellan","Sagyar Mazan","Solar Auxilia","Bitter Blood","15","Warmonger",""
"0875-PR","Shattered Legions","Onslaught","Liberation Force","Iron Warriors","Legendary Fighter","11","Siege Breaker",""
"0875-QT","Militia & Cults","Castellan","","Sons of Horus","The Death of Flesh","9","Force Commander",""
"0876-PD","Dark Angels","Leviathan","The Eskaton Imperative","","Void Walker","12","Vigilator",""
"0876-RF","Shattered Legions","Leviathan","","","Master of Ambush","13","Champion",""
"0877-EN","Iron Warriors","Onslaught","","","Lord of the Abyss","12","Warmonger",""
"0877-QN","Dark Angels","Onslaught","The Dark Brethren","","Dread Rites","2","Centurion",""
"0878-JF","Alpha Legion","Crusade","","","Dread Rites","11","Primus Medicae",""
"0878-NR","Death Guard","Leviathan","After Isstvan","","Marcher Lord","5","Herald",""
"0879-EF","Salamanders","Leviathan","","Iron Hands","Master of Manoeuvre","10","Esoterist",""
"0879-QM","Shattered Legions","Onslaught","","","Paladin of Glory","15","Praevian",""
"0880-IX","Raven Guard","Leviathan","","","Puissant Commander","10","Delegatus",""
"0880-OJ","Shattered Legions","Castellan","The Storm of War","Mechanicum","Siege Master","6","Praetor",""
"0881-HW","Sons of Horus","Onslaught","","","Uncanny Survivor","5","Warmonger",""
"0881-PD","Alpha Legion","Castellan","","","Master of Offence","15","Praetor",""
"0882-ME","Death Guard","Castellan","","","Beloved of the People","10","Delegatus",""
"0882-TF","Alpha Legion","Onslaught","Hammerfell Strike Force","Ultramarines","Void Walker","2","Primus Nullificator",""
"0883-RA","Ultramarines","Leviathan","The Black Reaving","","Bitter Blood","9","Librarian",""
"0883-ZM","Sons of Horus","Leviathan","The Hammer of Olympia","","Hell Rider","13","Vigilator",""
"0884-AK","Blood Angels","Leviathan","","","Master of Mechanisms","14","Armistos",""
"0884-QR","Blood Angels","Onslaught","Vigil Opertii Mission","","Master of Manoeuvre","11","Warmonger",""
"0885-SC","Space Wolves","Crusade","Ironfire","Salamanders","Blind Barrage","9","Esoterist",""
"0885-WX","Ultramarines","Onslaught","Legion Recon Company","","Legendary Fighter","13","Siege Breaker",""
"0886-GR","Word Bearers","Castellan","The Hammer of Olympia","","Indomitable","1","Librarian",""
"0886-ZS","Sons of Horus","Onslaught","Decapitation Strike","","World Burner","5","Delegatus",""
"0887-NL","Salamanders","Crusade","Chogorian Brotherhood","","Paladin of Glory","4","Warmonger",""
"0887-NY","Blackshields","Castellan","The Bloodied Gauntlet","","Battlefield Analysis","10","Chaplain",""
"0888-BW","Emperor's Children","Crusade","Liberation Force","","Beloved of the People","2","Forge Lord",""
"0888-QI","Questoris Knights","Leviathan","","","Robber Baron","11","Seneschal",""
"0889-JW","Raven Guard","Crusade","The Day of Sorrow","Ultramarines","Strategic Genius","7","Librarian",""
"0889-NY","Imperial Fists","Crusade","The Storm of War","","Legendary Fighter","5","Primus Nullificator",""
"0890-TQ","Thousand Sons","Castellan","The Day of Revelation","","Battlefield Analysis","4","Esoterist",""
"0890-WQ","White Scars","Onslaught","Hammerfell Strike Force","Thousand Sons","Hell Rider","12","Praevian",""
"0891-IA","Iron Hands","Leviathan","The Stone Gauntlet","Dark Angels","Robber Baron","10","Esoterist",""
"0891-WS","White Scars","Onslaught","The Awakening Fire","White Scars","Robber Baron","2","Armistos",""
"0892-RY","Blackshields","Onslaught","The Eskaton Imperative","Thousand Sons","Void Walker","12","Champion",""
"0892-XO","Mechanicum","Castellan","","","Master of Manoeuvre","4","Secutarii Axiarch",""
"0893-BK","Shattered Legions","Leviathan","","","Void Master","4","Siege Breaker",""
"0893-CH","Militia & Cults","Leviathan","","Death Guard","Shattering Bombardment","12","Rogue Psyker Alpha",""
"0894-AI","Blackshields","Onslaught","Hunter-Killer Mission","","Child of Terra","9","Herald",""
"0894-LU","White Scars","Castellan","The Black Reaving","","Puissant Commander","15","Chaplain",""
"0895-AA","Shattered Legions","Castellan","The Pale Hunters","","Void Walker","3","Mortificator",""
"0895-UQ","Space Wolves","Leviathan","Orphans of War","","Robber Baron","13","Herald",""
"0896-EO","Space Wolves","Castellan","The Reaping","","Intimidating Presence","9","Herald",""
"0896-XA","Space Wolves","Castellan","The Swift Blade","","Puissant Commander","12","Moritat",""
"0897-OW","Death Guard","Onslaught","Orphans of War","","Blind Barrage","12","Praetor",""
"0897-YA","Dark Angels","Castellan","","","Ruthless Tyrant","10","Chaplain",""
"0898-JP","Iron Hands","Leviathan","The Stone Gauntlet","Imperial Fists","Master of Ambush","7","Chaplain",""
"0898-UN","Thousand Sons","Castellan","","","Strategic Genius","12","Vigilator",""
"0899-IB","Emperor's Children","Castellan","Ironwing Protocol","","Predictive Augury","11","Esoterist",""
"0899-OX","Blackshields","Leviathan","Angel's Wrath","","Predictive Augury","13","Centurion",""
"0900-AB","Questoris Knights","Crusade","","","Master of Ambush","14","Lord Scion",""
"0900-XI","Militia & Cults","Leviathan","","","Master of the Vanguard","13","Rogue Psyker",""
"0901-CG","Space Wolves","Leviathan","The Seekers Arrow","","Beloved of the People","15","Siege Breaker",""
"0901-NB","Thousand Sons","Crusade","The Bloodied Claws","","Night Attacker","4","Delegatus",""
"0902-HX","Dark Angels","Crusade","The Maru Skara","Iron Hands","Battlefield Analysis","14","Herald",""
"0902-OM","Death Guard","Crusade","Decapitation Strike","","Master of Ambush","5","Chaplain",""
"0903-EB","Blackshields","Castellan","The Hammer of Olympia","","Connoisseur of Alien Curios","6","Champion",""
"0903-LI","Solar Auxilia","Crusade","","","Shattering Bombardment","4","Lord Marshal Ireton MaSade",""
"0904-GH","Imperial Fists","Onslaught","Ravenwing Protocol","","Connoisseur of Alien Curios","12","Praetor Tribune",""
"0904-ZH","Shattered Legions","Onslaught","Sky Hunter Phalanx","","Conqueror of Cities","9","Librarian",""
"0905-TY","Blood Angels","Crusade","The Axis of Dissolution","","Lord of the Abyss","12","Moritat",""
"0905-ZG","Shattered Legions","Castellan","Zone Mortalis Assault Force","White Scars","Master of the Vanguard","9","Vigilator",""
"0906-NX","Death Guard","Crusade","The Pale Hunters","","Master of Mechanisms","1","Herald",""
"0906-VZ","Militia & Cults","Onslaught","","","Shattering Bombardment","6","Platoon Commander",""
"0907-HX","Alpha Legion","Leviathan","Horror Cult","","Predictive Augury","10","Chaplain",""
"0907-MC","Solar Auxilia","Crusade","","","Puissant Commander","2","Lord Marshal Ireton MaSade",""
"0908-HK","Night Lords","Onslaught","Company of Bitter Iron","","Target Priority","9","Armistos",""
"0908-KZ","Dark Angels","Leviathan","Chymeriae","","Connoisseur of Alien Curios","6","Forge Lord",""
"0909-DF","Emperor's Children","Castellan","Orphans of Betrayal","","The Death of Flesh","5","Chaplain",""
"0909-PS","Death Guard","Crusade","","","Master of the Vanguard","13","Master of Signals",""
"0910-FD","Salamanders","Leviathan","Armoured Breakthrough","Blackshields","Target Priority","12","Praetor",""
"0910-MO","White Scars","Leviathan","The Maru Skara","","Inspiring Presence","7","Chaplain",""
"0911-AH","Death Guard","Leviathan","The Guard of the Crimson King","","Robber Baron","9","Centurion",""
"0911-DV","Solar Auxilia","Crusade","","","Master of Manoeuvre","7","Lord Marshal Ireton MaSade",""
"0912-AS","Salamanders","Castellan","","Dark Angels","Master of Mechanisms","12","Praevian",""
"0912-ON","Blood Angels","Crusade","Fury of the Ancients","Iron Warriors","Intimidating Presence","5","Delegatus",""
"0913-SO","Raven Guard","Onslaught","Orphans of Betrayal","","Void Walker","14","Librarian",""
"0913-TH","Death Guard","Castellan","The Awakening Fire","","Marcher Lord","2","Master of Signals",""
"0914-EK","White Scars","Castellan","","","Divide to Conquer","15","Chaplain",""
"0914-UN","Word Bearers","Leviathan","The Axis of Dissolution","","Master of Defence","2","Herald",""
"0915-PG","Iron Hands","Castellan","The Pale Hunters","Death Guard","Master of Ambush","1","Esoterist",""
"0915-SH","Night Lords","Leviathan","The Maru Skara","","Target Priority","13","Chaplain",""
"0916-OT","Word Bearers","Crusade","","Blackshields","Glorious Renown","7","Moritat",""
"0916-YX","Blackshields","Onslaught","","","Master of Offence","15","Praevian",""
"0917-PS","Shattered Legions","Onslaught","","Raven Guard","Princeps of Deceit","9","Mortificator",""
"0917-SK","Ultramarines","Crusade","Primarch's Chosen","","Conqueror of Cities","1","Siege Breaker",""
"0918-CC","Thousand Sons","Leviathan","","","Master of Ambush","4","Chaplain",""
"0918-GT","Dark Angels","Castellan","The Pale Hunters","","Intimidating Presence","9","Librarian",""
"0919-EL","Night Lords","Castellan","Vigil Opertii Mission","","Master of Mechanisms","15","Delegatus",""
"0919-WO","Dark Angels","Leviathan","","World Eaters","Shattering Bombardment","12","Vigilator",""
"0920-HN","Thousand Sons","Leviathan","Berserker Assault","","Divide to Conquer","6","Forge Lord",""
"0920-IS","Thousand Sons","Castellan","","","Master Tactician","15","Chaplain",""
"0921-CS","Solar Auxilia","Crusade","","","Puissant Commander","12","Lord Marshal Ireton MaSade",""
"0921-VB","Imperial Fists","Onslaught","Ravenwing Protocol","","Bloody Handed","4","Chaplain",""
"0922-FD","White Scars","Onslaught","Armoured Spearhead","Solar Auxilia","Immovable Object","11","Primus Medicae",""
"0922-GO","Iron Warriors","Onslaught","","","Dread Rites","3","Librarian",""
"0923-CS","Sons of Horus","Leviathan","Ravenwing Protocol","","Bitter Blood","3","Primus Nullificator",""
"0923-MX","Raven Guard","Leviathan","","","Master of Ambush","7","Armistos",""
"0924-IQ","Ultramarines","Crusade","","","Glorious Renown","14","Armistos",""
"0924-TO","Mechanicum","Castellan","Ordo Reductor","Alpha Legion","Tenacity","9","Magos Dominus",""
"0925-CX","Space Wolves","Castellan","","","Merchant Princeling","12","Delegatus",""
"0925-UJ","Raven Guard","Crusade","Creeping Death","","Robber Baron","11","Librarian",""
"0926-EI","Imperial Fists","Leviathan","","","Master of Manoeuvre","3","Praevian",""
"0926-XV","Sons of Horus","Onslaught","The Logos Lectora","Iron Hands","Master of Manoeuvre","5","Master of Signals",""
"0927-AU","Solar Auxilia","Onslaught","","","Connoisseur of Alien Curios","15","Lord Marshal",""
"0927-YR","Dark Angels","Leviathan","","","Intimidating Presence","3","Mortificator",""
"0928-IM","Space Wolves","Crusade","","Emperor's Children","Tenacity","11","Centurion",""
"0928-OI","Alpha Legion","Leviathan","","","Void Walker","4","Champion",""
"0929-CC","Death Guard","Leviathan","","Mechanicum","Dread Rites","7","Armistos",""
"0929-WX","Salamanders","Leviathan","Outcast Sons","","Target Priority","13","Moritat",""
"0930-AJ","Solar Auxilia","Leviathan","","","Legendary Fighter","3","Legate Commander",""
"0930-ZI","Word Bearers","Leviathan","","","Coordinated Assault","5","Librarian",""
"0931-MM","Iron Warriors","Onslaught","","Death Guard","World Burner","7","Primus Medicae",""
"0931-WG","Raven Guard","Castellan","Company of Bitter Iron","Night Lords","Battlefield Analysis","7","Primus Medicae",""
"0932-OT","Word Bearers","Crusade","Orphans of War","World Eaters","Puissant Commander","7","Praevian",""
"0932-XL","Dark Angels","Castellan","Primarch's Chosen","Thousand Sons","Master of Manoeuvre","15","Delegatus",""
"0933-RY","World Eaters","Onslaught","","","Strategic Genius","3","Armistos",""
"0933-VL","Emperor's Children","Castellan","After Isstvan","","Dread Rites","11","Esoterist",""
"0934-GW","Dark Angels","Onslaught","Orphans of Betrayal","World Eaters","Puissant Commander","4","Warmonger",""
"0934-QV","Iron Hands","Leviathan","","","Tenacity","8","Siege Breaker",""
"0935-SE","Blood Angels","Onslaught","Decapitation Strike","","Night Attacker","14","Primus Nullificator",""
"0935-UV","Blood Angels","Leviathan","","Salamanders","Battlefield Analysis","13","Chaplain",""
"0936-CM","Iron Hands","Onslaught","The Cross of Bone","","Merchant Princeling","7","Forge Lord",""
"0936-RP","Shattered Legions","Crusade","","Iron Hands","Indomitable","10","Centurion",""
"0937-JJ","Night Lords","Onslaught","","","Master of Offence","10","Primus Medicae",""
"0937-JR","Imperial Fists","Onslaught","","","Master of Ambush","1","Champion",""
"0938-EW","Imperial Fists","Onslaught","The Seekers Arrow","","Ruthless Tyrant","9","Vigilator",""
"0938-IN","Iron Warriors","Crusade","Decapitation Strike","","Shattering Bombardment","13","Esoterist",""
"0939-KL","Space Wolves","Onslaught","Hunter-Killer Mission","","Shattering Bombardment","9","Herald",""
"0939-XK","Emperor's Children","Leviathan","The Dark Brethren","","Intimidating Presence","3","Praevian",""
"0940-NX","Solar Auxilia","Castellan","","Alpha Legion","Beloved of the People","15","Strategos",""
"0940-VL","Raven Guard","Onslaught","Terror Assault","","Uncanny Survivor","5","Vigilator",""
"0941-DO","Raven Guard","Castellan","Armoured Breakthrough","Iron Hands","Master of Manoeuvre","10","Forge Lord",""
"0941-ML","Emperor's Children","Leviathan","Brethren of Iron","","The Dust of a Thousand Worlds","6","Librarian",""
"0942-AL","Iron Hands","Leviathan","Zone Mortalis Assault Force","","Bloody Handed","11","Armistos",""
"0942-XY","Death Guard","Crusade","","","Night Attacker","10","Warmonger",""
"0943-IR","Salamanders","Castellan","The Axis of Dissolution","","Master of Manoeuvre","6","Primus Medicae",""
"0943-LE","Iron Warriors","Crusade","The Unbroken Vow","","Perfected Targeting","1","Delegatus",""
"0944-CB","Blood Angels","Leviathan","","","Princeps of Deceit","1","Esoterist",""
"0944-SM","Word Bearers","Onslaught","Horror Cult","","Robber Baron","8","Master of Signals",""
"0945-EB","Shattered Legions","Crusade","After Isstvan","Militia & Cults","Favoured of Mars","4","Praetor Tribune",""
"0945-RX","Dark Angels","Onslaught","The Dark Brethren","","Favoured of Mars","3","Primus Medicae",""
"0946-AN","Blackshields","Leviathan","","Militia & Cults","Shattering Bombardment","3","Forge Lord",""
"0946-WP","Militia & Cults","Onslaught","","","Master of Mechanisms","5","Platoon Commander",""
"0947-BA","Night Lords","Castellan","The Maru Skara","","Master of Mechanisms","5","Primus Medicae",""
"0947-FM","Space Wolves","Leviathan","The Logos Lectora","","Lord of the Abyss","15","Armistos",""
"0948-TW","Raven Guard","Leviathan","The Swift Blade","","Master Tactician","12","Siege Breaker",""
"0948-ZX","World Eaters","Leviathan","The Cross of Bone","","Master of Mechanisms","13","Mortificator",""
"0949-KY","Iron Warriors","Crusade","Drop Assault Vanguard","","Lord of the Abyss","12","Librarian",""
"0949-VE","Questoris Knights","Onslaught","","","Master Tactician","3","Archmagos Draykavac",""
"0950-OM","Militia & Cults","Crusade","","","Connoisseur of Alien Curios","6","Rogue Psyker",""
"0950-XT","World Eaters","Leviathan","The Day of Revelation","","Princeps of Deceit","7","Siege Breaker",""
"0951-PT","Shattered Legions","Onslaught","Outcast Sons","","Glorious Renown","12","Praetor Tribune",""
"0951-QN","Questoris Knights","Leviathan","","","Puissant Commander","4","Archmagos Draykavac",""
"0952-PA","Death Guard","Crusade","Hammerfell Strike Force","","Strategic Genius","15","Armistos",""
"0952-YF","Imperial Fists","Onslaught","The Logos Lectora","","Bloody Handed","3","Delegatus",""
"0953-IP","Solar Auxilia","Onslaught","","","Puissant Commander","12","Legate Commander",""
"0953-US","Iron Hands","Onslaught","Angel's Wrath","Word Bearers","Inspiring Presence","2","Mortificator",""
"0954-NY","Ultramarines","Castellan","Sagyar Mazan","Night Lords","Princeps of Deceit","2","Librarian",""
"0954-UJ","Death Guard","Leviathan","Horror Cult","","Child of Terra","14","Moritat",""
"0955-OC","Shattered Legions","Crusade","","Imperial Fists","Master of the Vanguard","7","Delegatus",""
"0955-TJ","Blackshields","Onslaught","Company of Bitter Iron","","Uncanny Survivor","1","Praetor",""
"0956-NM","Thousand Sons","Leviathan","Berserker Assault","Questoris Knights","Glorious Renown","1","Vigilator",""
"0956-PT","Shattered Legions","Leviathan","Zone Mortalis Assault Force","Questoris Knights","Robber Baron","10","Moritat",""
"0957-NS","Mechanicum","Leviathan","Ordo Reductor","Death Guard","Legendary Fighter","12","Archmagos Draykavac",""
"0957-QY","Questoris Knights","Crusade","","","Beloved of the People","13","Seneschal",""
"0958-AN","Salamanders","Crusade","","","Uncanny Survivor","2","Forge Lord",""
"0958-JK","Sons of Horus","Castellan","","","Shattering Bombardment","8","Praetor Tribune",""
"0959-IT","Dark Angels","Castellan","The Serpent's Bane","","Immovable Object","15","Chaplain",""
"0959-JZ","Ultramarines","Leviathan","The Seekers Arrow","","Connoisseur of Alien Curios","11","Moritat",""
"0960-GP","Thousand Sons","Onslaught","","","Immovable Object","15","Librarian",""
"0960-VL","Thousand Sons","Leviathan","Terror Assault","","Perfected Targeting","8","Herald",""
"0961-BQ","Solar Auxilia","Crusade","","White Scars","Predictive Augury","3","Legate Commander",""
"0961-FQ","Thousand Sons","Leviathan","3rd Company Elite","","Glorious Renown","3","Forge Lord",""
"0962-CV","Emperor's Children","Crusade","Death Seekers","","Immovable Object","1","Primus Medicae",""
"0962-UG","Blood Angels","Crusade","","","Master of Offence","1","Centurion",""
"0963-EM","Night Lords","Crusade","Drop Assault Vanguard","","Indomitable","13","Delegatus",""
"0963-IA","Militia & Cults","Onslaught","","Militia & Cults","Robber Baron","7","Force Commander",""
"0964-PA","Ultramarines","Leviathan","Ironfire","Word Bearers","Divide to Conquer","15","Primus Nullificator",""
"0964-RS","Solar Auxilia","Castellan","","","Lord of the Abyss","7","Lord Marshal Ireton MaSade",""
"0965-HK","Blackshields","Castellan","Last of the Serrated Sun","Ultramarines","Intimidating Presence","3","Librarian",""
"0965-UA","Alpha Legion","Crusade","Primarch's Chosen","","Master Tactician","9","Librarian",""
"0966-OV","Blackshields","Crusade","","","Battlefield Analysis","11","Librarian",""
"0966-TK","Emperor's Children","Castellan","The Maru Skara","Space Wolves","Hell Rider","6","Esoterist",""
"0967-IT","White Scars","Onslaught","The Bloodied Claws","","Connoisseur of Alien Curios","3","Praetor",""
"0967-KM","Salamanders","Crusade","","","Inspiring Presence","7","Champion",""
"0968-KE","Blackshields","Castellan","The Axis of Dissolution","","Master of Offence","13","Master of Signals",""
"0968-NX","Iron Warriors","Leviathan","The Stone Gauntlet","","Bloody Handed","6","Praetor",""
"0969-GV","Questoris Knights","Crusade","","","Target Priority","11","Archmagos Draykavac",""
"0969-YM","Thousand Sons","Onslaught","The Logos Lectora","","Child of Terra","13","Herald",""
"0970-FX","Shattered Legions","Onslaught","Liberation Force","Blood Angels","Robber Baron","15","Praetor Tribune",""
"0970-LB","Sons of Horus","Crusade","Sagyar Mazan","Night Lords","Princeps of Deceit","15","Esoterist",""
"0971-LL","Dark Angels","Crusade","The Swift Blade","","Blind Barrage","11","Armistos",""
"0971-TO","World Eaters","Leviathan","","","Night Attacker","8","Armistos",""
"0972-FH","Sons of Horus","Crusade","The Crimson Path","","Child of Terra","4","Master of Signals",""
"0972-IX","Blood Angels","Castellan","The Unbroken Vow","","Perfected Targeting","12","Mortificator",""
"0973-EV","White Scars","Onslaught","","","Inspiring Presence","8","Esoterist",""
"0973-SC","Raven Guard","Crusade","","","Master of Offence","15","Forge Lord",""
"0974-MU","Iron Warriors","Castellan","","","Master of the Vanguard","12","Master of Signals",""
"0974-NM","Word Bearers","Crusade","The Axis of Dissolution","","Conqueror of Cities","13","Chaplain",""
"0975-IG","White Scars","Crusade","Creeping Death","","Void Walker","4","Armistos",""
"0975-ZM","Raven Guard","Leviathan","","","Shattering Bombardment","6","Esoterist",""
"0976-IE","Sons of Horus","Crusade","The Dark Brethren","","Princeps of Deceit","15","Praevian",""
"0976-VV","Sons of Horus","Castellan","Liberation Force","Shattered Legions","Strategic Genius","11","Mortificator",""
"0977-CQ","Space Wolves","Onslaught","Fury of the Ancients","","Master of Manoeuvre","9","Forge Lord",""
"0977-JK","Emperor's Children","Leviathan","The Eskaton Imperative","Sons of Horus","Strategic Genius","15","Warmonger",""
"0978-AF","Emperor's Children","Onslaught","","","Marcher Lord","3","Armistos",""
"0978-UQ","Sons of Horus","Castellan","","","Target Priority","2","Praevian",""
"0979-NZ","Space Wolves","Castellan","The Covenant of Fire","","Glorious Renown","13","Master of Signals",""
"0979-VK","Raven Guard","Leviathan","The Bloodied Gauntlet","","Tenacity","5","Vigilator",""
"0980-DY","Militia & Cults","Castellan","","","Void Walker","9","Rogue Psyker Alpha",""
"0980-HK","Iron Warriors","Onslaught","","","Inspiring Presence","11","Mortificator",""
"0981-NS","Alpha Legion","Onslaught","Legion Recon Company","","Coordinated Assault","9","Mortificator",""
"0981-PX","Iron Warriors","Castellan","","","Tenacity","11","Vigilator",""
"0982-OX","White Scars","Leviathan","","Imperial Fists","Dread Rites","7","Delegatus",""
"0982-YX","Blackshields","Castellan","","Space Wolves","Night Attacker","4","Centurion",""
"0983-BK","Sons of Horus","Onslaught","Last of the Serrated Sun","","Uncanny Survivor","8","Praetor Tribune",""
"0983-PV","Militia & Cults","Crusade","","","Immovable Object","8","Force Commander",""
"0984-KN","World Eaters","Leviathan","Drop Assault Vanguard","","Strategic Genius","6","Warmonger",""
"0984-NO","White Scars","Leviathan","","","Hell Rider","7","Forge Lord",""
"0985-KS","Salamanders","Crusade","","","Master Tactician","10","Centurion",""
"0985-YM","Dark Angels","Leviathan","Ravenwing Protocol","","Princeps of Deceit","7","Siege Breaker",""
"0986-IE","Shattered Legions","Onslaught","Liberation Force","","Coordinated Assault","1","Praetor Tribune",""
"0986-TG","Dark Angels","Crusade","The Storm of War","","Intimidating Presence","4","Praevian",""
"0987-EI","Ultramarines","Onslaught","Ironfire","","Strategic Genius","5","Praetor",""
"0987-ET","Shattered Legions","Castellan","Creeping Death","Thousand Sons","Beloved of the People","7","Primus Medicae",""
"0988-DC","Word Bearers","Leviathan","","Raven Guard","Divide to Conquer","14","Master of Signals",""
"0988-TF","Iron Warriors","Crusade","Sky Hunter Phalanx","Ultramarines","The Death of Flesh","13","Forge Lord",""
"0989-DC","Alpha Legion","Crusade","The Storm of War","","Battlefield Analysis","12","Champion",""
"0989-VQ","Space Wolves","Crusade","Creeping Death","","Puissant Commander","12","Esoterist",""
"0990-UM","White Scars","Onslaught","Outcast Sons","","Uncanny Survivor","6","Siege Breaker",""
"0990-UN","Blood Angels","Crusade","Angel's Wrath","","Master of Offence","1","Praetor Tribune",""
"0991-MI","Salamanders","Castellan","Headhunter Leviathal","Emperor's Children","Robber Baron","5","Librarian",""
"0991-YB","Word Bearers","Castellan","The Eskaton Imperative","","Battlefield Analysis","10","Armistos",""
"0992-GG","Sons of Horus","Castellan","","","Lord of the Abyss","14","Primus Medicae",""
"0992-YK","Death Guard","Onslaught","Pride of the Legion","","Uncanny Survivor","15","Delegatus",""
"0993-CU","Death Guard","Leviathan","The Awakening Fire","","Puissant Commander","2","Primus Medicae",""
"0993-QE","Sons of Horus","Leviathan","The Day of Revelation","","Master Tactician","4","Vigilator",""
"0994-MY","Dark Angels","Onslaught","Vigil Opertii Mission","","Intimidating Presence","5","Esoterist",""
"0994-XI","Space Wolves","Castellan","","","Siege Master","13","Moritat",""
"0995-KS","Emperor's Children","Castellan","The Black Reaving","","Master of Mechanisms","7","Moritat",""
"0995-OQ","Thousand Sons","Onslaught","The Serpent's Bane","Word Bearers","Master of Defence","5","Warmonger",""
"0996-RW","Raven Guard","Castellan","The Day of Sorrow","Alpha Legion","Predictive Augury","13","Praetor",""
"0996-TE","Blackshields","Onslaught","Orbital Assault","","Master of Manoeuvre","12","Champion",""
"0997-OO","Questoris Knights","Crusade","","White Scars","Perfected Targeting","1","Seneschal",""
"0997-QS","Imperial Fists","Crusade","","","Ruthless Tyrant","2","Master of Signals",""
"0998-DX","Shattered Legions","Leviathan","Brethren of Iron","","Blind Barrage","3","Siege Breaker",""
"0998-YR","White Scars","Crusade","","","Target Priority","4","Centurion",""
"0999-QY","Night Lords","Crusade","","","Perfected Targeting","7","Warmonger",""
"0999-RF","Ultramarines","Leviathan","","","Target Priority","5","Mortificator",""
"1000-SB","Militia & Cults","Castellan","","","Favoured of Mars","13","Force Commander",""
"1000-VF","World Eaters","Onslaught","The Eskaton Imperative","","Void Master","12","Chaplain",""
"1001-DB","Raven Guard","Castellan","Brethren of Iron","","Intimidating Presence","15","Champion",""
"1001-NS","Space Wolves","Castellan","Brethren of Iron","","Coordinated Assault","5","Mortificator",""
"1002-JP","Imperial Fists","Onslaught","","","Strategic Genius","1","Mortificator",""
"1002-LO","White Scars","Castellan","","","Favoured of Mars","13","Mortificator",""
"1003-JL","Solar Auxilia","Leviathan","","","Void Master","11","Lord Marshal",""
"1003-PU","Death Guard","Castellan","Primarch's Chosen","","Blind Barrage","10","Librarian",""
"1004-CU","Salamanders","Crusade","Company of Bitter Iron","","Uncanny Survivor","11","Forge Lord",""
"1004-GD","Alpha Legion","Crusade","Ironfire","Blackshields","Immovable Object","11","Forge Lord",""
"1005-HW","Space Wolves","Leviathan","Outcast Sons","Dark Angels","Night Attacker","2","Armistos",""
"1005-JI","Night Lords","Crusade","Armoured Spearhead","","Connoisseur of Alien Curios","3","Delegatus",""
"1006-WJ","Thousand Sons","Castellan","Decapitation Strike","","Hell Rider","9","Praevian",""
"1006-XB","Night Lords","Crusade","The Bloodied Claws","Thousand Sons","Conqueror of Cities","9","Delegatus",""
"1007-WK","Raven Guard","Onslaught","","","Beloved of the People","12","Moritat",""
"1007-ZG","Iron Warriors","Castellan","","White Scars","Hell Rider","2","Praevian",""
"1008-AI","Shattered Legions","Leviathan","Headhunter Leviathal","","The Dust of a Thousand Worlds","15","Herald",""
"1008-SV","World Eaters","Onslaught","Primarch's Chosen","","Conqueror of Cities","1","Herald",""
"1009-PS","Emperor's Children","Castellan","","","Connoisseur of Alien Curios","5","Warmonger",""
"1009-UO","Salamanders","Onslaught","Berserker Assault","","Bitter Blood","6","Champion",""
"1010-GB","Emperor's Children","Onslaught","The Unbroken Vow","","Void Walker","4","Master of Signals",""
"1010-RV","Mechanicum","Castellan","Ordo Reductor","","Hell Rider","15","Magos Reductor",""
