"gameID","faction","forceOrg","ROW/Subfaction","alliedFaction","warlordTrait","VPs","warlord","listName"
"0001 - QJ","World Eaters","Castellan","Horror Cult","","The Dust of a Thousand Worlds","7","Librarian",""
"0001 - QJ","Sons of Horus","Castellan","","","Uncanny Survivor","11","Siege Breaker",""
"0001 - QJ","Sons of Horus","Leviathan","","","Void Master","1","Vigilator",""
"0001 - QJ","Death Guard","Castellan","","","Void Master","8","Siege Breaker",""
"0001 - QJ","Iron Hands","Leviathan","The Crimson Path","","Immovable Object","11","Primus Medicae",""
"0001 - QJ","Word Bearers","Onslaught","Sky Hunter Phalanx","","Beloved of the People","15","Moritat",""
"0001 - QJ","Iron Hands","Crusade","","","Battlefield Analysis","7","Champion",""
"0001 - QJ","Shattered Legions","Leviathan","","","Coordinated Assault","7","Esoterist",""
"0001 - QJ","Death Guard","Onslaught","","","Child of Terra","12","Praetor",""
"0001 - QJ","Iron Hands","Crusade","Pride of the Legion","","Master of Mechanisms","8","Chaplain",""
"0001 - QJ","Sons of Horus","Onslaught","Sacrificial Offering","","Siege Master","5","Herald",""
"0001 - QJ","Ultramarines","Crusade","The Head of the Gorgon","","Favoured of Mars","15","Mortificator",""
"0001 - QJ","Iron Warriors","Crusade","","","Bitter Blood","5","Primus Medicae",""
"0001 - QJ","Ultramarines","Crusade","The Black Reaving","","Master of Offence","5","Primus Nullificator",""
"0001 - QJ","Mechanicum","Crusade","","","Robber Baron","15","Magos Reductor Calleb Decima",""
"0001 - QJ","Ultramarines","Castellan","3rd Company Elite","","Lord of the Abyss","9","Centurion",""
"0001 - QJ","Sons of Horus","Crusade","Drop Assault Vanguard","Militia & Cults","The Death of Flesh","12","Armistos",""
"0001 - QJ","Word Bearers","Crusade","The Covenant of Fire","Solar Auxilia","Perfected Targeting","15","Warmonger",""
"0001 - QJ","White Scars","Castellan","","","Divide to Conquer","7","Praetor Tribune",""
"0001 - QJ","World Eaters","Onslaught","The Awakening Fire","","Hell Rider","10","Moritat",""
"0001 - QJ","Questoris Knights","Castellan","","","Divide to Conquer","7","Seneschal",""
"0001 - QJ","Space Wolves","Crusade","The Unbroken Vow","","Void Walker","11","Centurion",""
"0001 - QJ","World Eaters","Crusade","","","Beloved of the People","3","Praetor",""
"0001 - QJ","Death Guard","Leviathan","","","Intimidating Presence","4","Delegatus",""
"0001 - QJ","Alpha Legion","Leviathan","The Axis of Dissolution","","Master of Defence","6","Vigilator",""
"0001 - QJ","White Scars","Leviathan","Creeping Death","","Ruthless Tyrant","12","Primus Medicae",""
"0001 - QJ","Questoris Knights","Castellan","","","Princeps of Deceit","6","Seneschal",""
"0001 - QJ","Salamanders","Castellan","The Eskaton Imperative","Ultramarines","The Dust of a Thousand Worlds","8","Warmonger",""
"0001 - QJ","Space Wolves","Crusade","Death Seekers","","Puissant Commander","6","Primus Medicae",""
"0001 - QJ","Blackshields","Onslaught","Headhunter Leviathal","","Conqueror of Cities","14","Mortificator",""
"0001 - QJ","Salamanders","Onslaught","Berserker Assault","","Favoured of Mars","13","Esoterist",""
"0001 - QJ","Salamanders","Leviathan","Orphans of War","","Paladin of Glory","11","Champion",""
"0001 - QJ","Militia & Cults","Onslaught","","","Beloved of the People","14","Discipline Master",""
"0001 - QJ","Mechanicum","Castellan","Legio Cybernetica","","The Death of Flesh","3","Secutarii Axiarch",""
"0001 - QJ","White Scars","Leviathan","","Blood Angels","Perfected Targeting","4","Armistos",""
"0001 - QJ","Blood Angels","Castellan","Sky Hunter Phalanx","Questoris Knights","Merchant Princeling","7","Primus Nullificator",""
"0001 - QJ","Salamanders","Crusade","Terror Assault","","Siege Master","6","Praevian",""
"0001 - QJ","Space Wolves","Leviathan","","","Bloody Handed","15","Praevian",""
"0001 - QJ","Solar Auxilia","Crusade","","","Void Walker","14","Lord Marshal",""
"0001 - QJ","Blackshields","Castellan","The Steel Fist","","The Death of Flesh","5","Praevian",""
"0001 - QJ","Emperor's Children","Onslaught","The Hammer of Olympia","","Legendary Fighter","12","Vigilator",""
"0001 - QJ","White Scars","Castellan","Outlanders","","Intimidating Presence","5","Praevian",""
"0001 - QJ","Blood Angels","Leviathan","","Iron Warriors","The Dust of a Thousand Worlds","8","Praetor Tribune",""
"0001 - QJ","White Scars","Castellan","The Seekers Arrow","","Ruthless Tyrant","11","Praetor Tribune",""
"0001 - QJ","Militia & Cults","Castellan","","","Master of Offence","8","Rogue Psyker Alpha",""
"0001 - QJ","Night Lords","Leviathan","Sacrificial Offering","Death Guard","Void Master","13","Centurion",""
"0001 - QJ","White Scars","Leviathan","","","Princeps of Deceit","3","Warmonger",""
"0001 - QJ","Shattered Legions","Onslaught","","","Strategic Genius","11","Moritat",""
"0001 - QJ","Night Lords","Leviathan","","","Hell Rider","13","Esoterist",""
"0001 - QJ","Space Wolves","Leviathan","","","Glorious Renown","3","Delegatus",""
"0001 - QJ","Iron Hands","Leviathan","The Storm of War","","Master of Mechanisms","15","Praetor",""
"0001 - QJ","Shattered Legions","Crusade","Zone Mortalis Assault Force","","Ruthless Tyrant","8","Esoterist",""
"0001 - QJ","Death Guard","Castellan","","Salamanders","Master of Mechanisms","12","Siege Breaker",""
"0001 - QJ","Dark Angels","Onslaught","","Dark Angels","Beloved of the People","4","Librarian",""
"0001 - QJ","Solar Auxilia","Castellan","","Salamanders","Blind Barrage","6","Legate Commander",""
"0001 - QJ","Blackshields","Leviathan","","","Uncanny Survivor","4","Primus Nullificator",""
"0001 - QJ","Word Bearers","Crusade","The Head of the Gorgon","","Princeps of Deceit","5","Esoterist",""
"0001 - QJ","Salamanders","Onslaught","Brethren of Iron","Ultramarines","Battlefield Analysis","3","Vigilator",""
"0001 - QJ","Night Lords","Leviathan","","","Coordinated Assault","15","Armistos",""
"0001 - QJ","White Scars","Leviathan","The Pale Hunters","","Master of Manoeuvre","9","Forge Lord",""
"0001 - QJ","Solar Auxilia","Leviathan","","","Bloody Handed","9","Auxilia Tank Commander",""
"0001 - QJ","Night Lords","Onslaught","","","Night Attacker","4","Master of Signals",""
"0001 - QJ","White Scars","Castellan","","","Divide to Conquer","8","Delegatus",""
"0001 - QJ","Blood Angels","Castellan","","","Master Tactician","2","Esoterist",""
"0001 - QJ","Word Bearers","Onslaught","","Imperial Fists","Robber Baron","8","Praetor",""
"0001 - QJ","Imperial Fists","Castellan","Terror Assault","","Child of Terra","9","Forge Lord",""
"0001 - QJ","Sons of Horus","Castellan","Creeping Death","","Night Attacker","8","Master of Signals",""
"0001 - QJ","Night Lords","Crusade","The Storm of War","","Immovable Object","12","Forge Lord",""
"0001 - QJ","Iron Hands","Onslaught","","","Master of Offence","1","Vigilator",""
"0001 - QJ","Word Bearers","Onslaught","Sky Hunter Phalanx","Death Guard","The Death of Flesh","12","Praevian",""
"0001 - QJ","Word Bearers","Onslaught","","","Lord of the Abyss","14","Praetor",""
"0001 - QJ","Dark Angels","Leviathan","","Emperor's Children","Puissant Commander","10","Moritat",""
"0001 - QJ","Solar Auxilia","Crusade","","","Uncanny Survivor","1","Lord Marshal Ireton MaSade",""
"0001 - QJ","Sons of Horus","Onslaught","","","Robber Baron","15","Praetor",""
"0001 - QJ","Word Bearers","Onslaught","","","Beloved of the People","15","Siege Breaker",""
"0001 - QJ","Militia & Cults","Leviathan","","","Favoured of Mars","4","Rogue Psyker",""
"0001 - QJ","Solar Auxilia","Castellan","","","Night Attacker","5","Lord Marshal Ireton MaSade",""
"0001 - QJ","White Scars","Castellan","The Head of the Gorgon","Iron Hands","Master Tactician","7","Esoterist",""
"0001 - QJ","Ultramarines","Onslaught","Decapitation Strike","","Master of Defence","6","Praevian",""
"0001 - QJ","Shattered Legions","Leviathan","The Bloodied Claws","","Battlefield Analysis","10","Master of Signals",""
"0001 - QJ","Solar Auxilia","Leviathan","","","Puissant Commander","9","Lord Marshal",""
"0001 - QJ","Solar Auxilia","Crusade","","","Inspiring Presence","7","Lord Marshal Ireton MaSade",""
"0001 - QJ","Blackshields","Castellan","The Pale Hunters","","Predictive Augury","5","Chaplain",""
"0001 - QJ","Death Guard","Leviathan","The Day of Sorrow","","Puissant Commander","11","Champion",""
"0001 - QJ","Ultramarines","Castellan","","","Robber Baron","8","Warmonger",""
"0001 - QJ","Blackshields","Onslaught","","","Glorious Renown","11","Centurion",""
"0001 - QJ","Iron Warriors","Onslaught","Zone Mortalis Assault Force","Iron Warriors","Coordinated Assault","2","Praetor Tribune",""
"0001 - QJ","Word Bearers","Castellan","","","Favoured of Mars","5","Esoterist",""
"0001 - QJ","Blood Angels","Leviathan","","","Coordinated Assault","8","Praevian",""
"0001 - QJ","Word Bearers","Leviathan","Ravenwing Protocol","","Child of Terra","10","Champion",""
"0001 - QJ","Death Guard","Leviathan","","","Marcher Lord","1","Praevian",""
"0001 - QJ","Alpha Legion","Leviathan","","","Coordinated Assault","3","Champion",""
"0001 - QJ","Salamanders","Castellan","Angel's Wrath","","Puissant Commander","7","Master of Signals",""
"0001 - QJ","Blackshields","Onslaught","","Iron Warriors","Conqueror of Cities","14","Praevian",""
"0001 - QJ","Space Wolves","Leviathan","Orphans of War","","Hell Rider","9","Warmonger",""
"0001 - QJ","Shattered Legions","Crusade","After Isstvan","Thousand Sons","Void Walker","10","Centurion",""
"0001 - QJ","Death Guard","Crusade","The Bloodied Claws","Emperor's Children","The Death of Flesh","14","Chaplain",""
"0001 - QJ","Salamanders","Castellan","The Bloodied Claws","","Dread Rites","6","Centurion",""
"0001 - QJ","Mechanicum","matrixOfRuin","","","Master of Mechanisms","2","Secutarii Axiarch",""
"0001 - QJ","Questoris Knights","Onslaught","","Militia & Cults","The Dust of a Thousand Worlds","3","Archmagos Draykavac",""
"0001 - QJ","Ultramarines","Crusade","The Logos Lectora","Death Guard","Tenacity","5","Armistos",""
"0001 - QJ","Thousand Sons","Crusade","The Storm of War","","Bloody Handed","1","Master of Signals",""
"0001 - QJ","Iron Warriors","Leviathan","Zone Mortalis Assault Force","","Void Master","10","Librarian",""
"0001 - QJ","Emperor's Children","Leviathan","","","Night Attacker","9","Esoterist",""
"0001 - QJ","Questoris Knights","Leviathan","","","Bitter Blood","12","Lord Scion",""
"0001 - QJ","Raven Guard","Crusade","Decapitation Strike","","Battlefield Analysis","7","Herald",""
"0001 - QJ","Shattered Legions","Onslaught","","","Indomitable","15","Mortificator",""
"0001 - QJ","Shattered Legions","Castellan","","","Marcher Lord","8","Vigilator",""
"0001 - QJ","Imperial Fists","Onslaught","The Steel Fist","Mechanicum","Tenacity","7","Primus Nullificator",""
"0001 - QJ","Iron Warriors","Crusade","Decapitation Strike","Space Wolves","Divide to Conquer","6","Moritat",""
"0001 - QJ","Blood Angels","Leviathan","","","Battlefield Analysis","8","Moritat",""
"0001 - QJ","Shattered Legions","Leviathan","","","Master of Ambush","7","Forge Lord",""
"0001 - QJ","Death Guard","Onslaught","","","Child of Terra","4","Centurion",""
"0001 - QJ","Blackshields","Castellan","The Black Reaving","","Conqueror of Cities","6","Siege Breaker",""
"0001 - QJ","Death Guard","Crusade","The Steel Fist","Alpha Legion","Legendary Fighter","4","Moritat",""
"0001 - QJ","Questoris Knights","Leviathan","","Sons of Horus","Bloody Handed","5","Lord Scion",""
"0001 - QJ","Blackshields","Onslaught","","","Divide to Conquer","12","Vigilator",""
"0001 - QJ","Solar Auxilia","Leviathan","","","Master of the Vanguard","1","Lord Marshal",""
"0001 - QJ","Militia & Cults","Leviathan","","World Eaters","Intimidating Presence","13","Platoon Commander",""
"0001 - QJ","White Scars","Castellan","","","Glorious Renown","4","Delegatus",""
"0001 - QJ","Blood Angels","Castellan","The Swift Blade","","Child of Terra","5","Armistos",""
"0001 - QJ","Sons of Horus","Castellan","The Black Reaving","","Blind Barrage","15","Armistos",""
"0001 - QJ","Death Guard","Crusade","The Black Reaving","","Master of Manoeuvre","4","Primus Medicae",""
"0001 - QJ","Blood Angels","Leviathan","","","Master of Offence","5","Warmonger",""
"0001 - QJ","Dark Angels","Crusade","Pride of the Legion","","Target Priority","11","Mortificator",""
"0001 - QJ","White Scars","Onslaught","","","The Death of Flesh","7","Praevian",""
"0001 - QJ","Sons of Horus","Leviathan","","Blackshields","Hell Rider","6","Praetor Tribune",""
"0001 - QJ","Shattered Legions","Crusade","The Black Reaving","","Bitter Blood","3","Chaplain",""
"0001 - QJ","Solar Auxilia","Onslaught","","","The Death of Flesh","9","Legate Commander",""
"0001 - QJ","Questoris Knights","Crusade","","","Master of Offence","8","Lord Scion",""
"0001 - QJ","Salamanders","Castellan","","","Lord of the Abyss","6","Delegatus",""
"0001 - QJ","Space Wolves","Onslaught","The Dark Brethren","","Strategic Genius","6","Forge Lord",""
"0001 - QJ","Ultramarines","Onslaught","","","Child of Terra","15","Warmonger",""
"0001 - QJ","Mechanicum","matrixOfRuin","","","Merchant Princeling","1","Secutarii Axiarch",""
"0001 - QJ","Emperor's Children","Castellan","","","Legendary Fighter","11","Armistos",""
"0001 - QJ","Ultramarines","Crusade","Ironwing Protocol","","Night Attacker","15","Warmonger",""
"0001 - QJ","Solar Auxilia","Crusade","","","Night Attacker","6","Lord Marshal Ireton MaSade",""
"0001 - QJ","Solar Auxilia","Onslaught","","","Master of Mechanisms","3","Lord Marshal Ireton MaSade",""
"0001 - QJ","Thousand Sons","Onslaught","Terror Assault","Imperial Fists","Uncanny Survivor","13","Master of Signals",""
"0001 - QJ","Imperial Fists","Onslaught","The Bloodied Claws","","Glorious Renown","13","Forge Lord",""
"0001 - QJ","Mechanicum","Leviathan","Ordo Reductor","","Master Tactician","1","Magos Dominus",""
"0001 - QJ","Word Bearers","Castellan","","","Lord of the Abyss","5","Mortificator",""
"0001 - QJ","Blood Angels","Castellan","Company of Bitter Iron","","Legendary Fighter","1","Praetor",""
"0001 - QJ","Alpha Legion","Leviathan","Outcast Sons","","Immovable Object","7","Herald",""
"0001 - QJ","White Scars","Castellan","The Eskaton Imperative","","Target Priority","10","Moritat",""
"0001 - QJ","Blackshields","Leviathan","","","Indomitable","13","Vigilator",""
"0001 - QJ","Alpha Legion","Onslaught","Horror Cult","","Master of Manoeuvre","2","Mortificator",""
"0001 - QJ","Blood Angels","Crusade","Sky Hunter Phalanx","Raven Guard","Lord of the Abyss","14","Primus Medicae",""
"0001 - QJ","World Eaters","Crusade","","","Favoured of Mars","11","Armistos",""
"0001 - QJ","Thousand Sons","Leviathan","Death Seekers","","Princeps of Deceit","14","Armistos",""
"0001 - QJ","Questoris Knights","Crusade","","","Shattering Bombardment","1","Archmagos Draykavac",""
"0001 - QJ","Ultramarines","Crusade","The Covenant of Fire","","Master of Manoeuvre","3","Warmonger",""
"0001 - QJ","Salamanders","Onslaught","Decapitation Strike","","Robber Baron","11","Delegatus",""
"0001 - QJ","Iron Warriors","Onslaught","The Steel Fist","Dark Angels","Robber Baron","4","Primus Medicae",""
"0001 - QJ","Mechanicum","Onslaught","Ordo Reductor","","Shattering Bombardment","13","Archmagos Draykavac",""
"0001 - QJ","Blood Angels","Leviathan","The Axis of Dissolution","Iron Hands","Child of Terra","1","Centurion",""
"0001 - QJ","Sons of Horus","Crusade","","Ultramarines","Target Priority","14","Armistos",""
"0001 - QJ","Imperial Fists","Castellan","","","Favoured of Mars","13","Champion",""
"0001 - QJ","Blackshields","Crusade","Zone Mortalis Assault Force","","Master of Offence","8","Primus Medicae",""
"0001 - QJ","Ultramarines","Castellan","","","Legendary Fighter","8","Praevian",""
"0001 - QJ","Solar Auxilia","Crusade","","","Inspiring Presence","4","Auxilia Tank Commander",""
"0001 - QJ","Solar Auxilia","Crusade","","","Inspiring Presence","14","Lord Marshal Ireton MaSade",""
"0001 - QJ","White Scars","Onslaught","Decapitation Strike","","Child of Terra","3","Primus Medicae",""
"0001 - QJ","Night Lords","Leviathan","Armoured Breakthrough","","Conqueror of Cities","14","Forge Lord",""
"0001 - QJ","Ultramarines","Leviathan","Legion Recon Company","","Inspiring Presence","9","Praevian",""
"0001 - QJ","Salamanders","Leviathan","The Day of Revelation","","Hell Rider","5","Praevian",""
"0001 - QJ","Dark Angels","Castellan","","","Master of the Vanguard","6","Praetor Tribune",""
"0001 - QJ","Salamanders","Leviathan","","","Beloved of the People","13","Master of Signals",""
"0001 - QJ","Blackshields","Leviathan","Liberation Force","","Marcher Lord","4","Siege Breaker",""
"0001 - QJ","Blackshields","Crusade","The Serpent's Bane","","Master of Offence","5","Vigilator",""
"0001 - QJ","Blood Angels","Castellan","Decapitation Strike","","The Dust of a Thousand Worlds","13","Vigilator",""
"0001 - QJ","White Scars","Crusade","Drop Assault Vanguard","","Perfected Targeting","4","Primus Medicae",""
"0001 - QJ","Mechanicum","Leviathan","Legio Cybernetica","Alpha Legion","Night Attacker","11","Anacharis Scoria",""
"0001 - QJ","Thousand Sons","Leviathan","Sagyar Mazan","","The Dust of a Thousand Worlds","9","Master of Signals",""
"0001 - QJ","Emperor's Children","Onslaught","Orphans of War","","Divide to Conquer","2","Herald",""
"0001 - QJ","Blood Angels","Crusade","","","Siege Master","6","Primus Medicae",""
"0001 - QJ","Ultramarines","Onslaught","The Serpent's Bane","","Dread Rites","1","Praevian",""
"0001 - QJ","Blackshields","Leviathan","The Stone Gauntlet","","Night Attacker","10","Warmonger",""
"0001 - QJ","White Scars","Crusade","Chymeriae","","Uncanny Survivor","6","Chaplain",""
"0001 - QJ","Militia & Cults","Onslaught","","","Shattering Bombardment","4","Platoon Commander",""
"0001 - QJ","Emperor's Children","Crusade","The Pale Hunters","","Princeps of Deceit","7","Siege Breaker",""
"0001 - QJ","Sons of Horus","Castellan","The Day of Revelation","","Predictive Augury","15","Praetor Tribune",""
"0001 - QJ","Blood Angels","Crusade","","","Dread Rites","15","Praetor Tribune",""
"0001 - QJ","World Eaters","Crusade","Terror Assault","","The Dust of a Thousand Worlds","5","Siege Breaker",""
"0001 - QJ","Salamanders","Leviathan","The Day of Revelation","","Indomitable","13","Warmonger",""
"0001 - QJ","Militia & Cults","Leviathan","","","Intimidating Presence","10","Force Commander",""
"0001 - QJ","Mechanicum","Castellan","Ordo Reductor","","Legendary Fighter","2","Magos reductor",""
"0001 - QJ","Sons of Horus","Crusade","Orphans of Betrayal","Ultramarines","Ruthless Tyrant","4","Moritat",""
"0001 - QJ","Iron Warriors","Onslaught","The Bloodied Claws","","Intimidating Presence","4","Vigilator",""
"0001 - QJ","Salamanders","Crusade","Chogorian Brotherhood","","Blind Barrage","15","Warmonger",""
"0001 - QJ","White Scars","Onslaught","The Dark Brethren","","Child of Terra","13","Librarian",""
"0001 - QJ","Solar Auxilia","Onslaught","","Blackshields","Conqueror of Cities","8","Lord Marshal Ireton MaSade",""
"0001 - QJ","Blood Angels","Leviathan","Orphans of Betrayal","","Predictive Augury","6","Librarian",""
"0001 - QJ","Solar Auxilia","Castellan","","","Master of Mechanisms","2","Lord Marshal Ireton MaSade",""
"0001 - QJ","Mechanicum","matrixOfRuin","Legio Cybernetica","","Void Master","1","Magos Reductor",""
"0001 - QJ","Mechanicum","Leviathan","","","Strategic Genius","11","Archmagos Dominus",""
"0001 - QJ","World Eaters","Leviathan","Terror Assault","","Lord of the Abyss","3","Librarian",""
"0001 - QJ","Mechanicum","Onslaught","Legio Cybernetica","","World Burner","7","Magos Reductor Calleb Decima",""
"0001 - QJ","Emperor's Children","Castellan","Outcast Sons","","Master of Manoeuvre","8","Praevian",""
"0001 - QJ","Dark Angels","Castellan","Vigil Opertii Mission","","Master Tactician","15","Warmonger",""
"0001 - QJ","White Scars","Castellan","Berserker Assault","","Void Walker","1","Moritat",""
"0001 - QJ","White Scars","Crusade","","","Void Master","8","Praetor Tribune",""
"0001 - QJ","Blood Angels","Leviathan","The Day of Sorrow","","Beloved of the People","12","Warmonger",""
"0001 - QJ","Blackshields","Castellan","","","Master of Offence","2","Esoterist",""
"0001 - QJ","Imperial Fists","Leviathan","Armoured Breakthrough","","Conqueror of Cities","10","Praetor Tribune",""
"0001 - QJ","Iron Hands","Crusade","Orbital Assault","","Void Walker","11","Mortificator",""
"0001 - QJ","World Eaters","Crusade","Pride of the Legion","Ultramarines","Uncanny Survivor","6","Warmonger",""
"0001 - QJ","Thousand Sons","Castellan","The Day of Sorrow","","Hell Rider","13","Chaplain",""
"0001 - QJ","Death Guard","Crusade","Creeping Death","","Merchant Princeling","7","Master of Signals",""
"0001 - QJ","Solar Auxilia","Onslaught","","","Intimidating Presence","7","Strategos",""
"0001 - QJ","White Scars","Castellan","The Awakening Fire","","Bitter Blood","12","Mortificator",""
"0001 - QJ","Blackshields","Onslaught","","","Intimidating Presence","6","Praetor Tribune",""
"0001 - QJ","Night Lords","Castellan","Hunter-Killer Mission","","Master of Ambush","4","Chaplain",""
"0001 - QJ","Thousand Sons","Crusade","","","Uncanny Survivor","14","Centurion",""
"0001 - QJ","Night Lords","Leviathan","The Bloodied Claws","Emperor's Children","Master of Manoeuvre","15","Primus Medicae",""
"0001 - QJ","Shattered Legions","Leviathan","The Long March","Night Lords","Ruthless Tyrant","3","Praetor",""
"0001 - QJ","Space Wolves","Crusade","Orbital Assault","","Master of Mechanisms","6","Primus Medicae",""
"0001 - QJ","Alpha Legion","Castellan","","Iron Hands","Favoured of Mars","2","Praevian",""
"0001 - QJ","Salamanders","Castellan","Creeping Death","","Master of Ambush","9","Master of Signals",""
"0001 - QJ","Shattered Legions","Onslaught","Vigil Opertii Mission","","Intimidating Presence","14","Mortificator",""
"0001 - QJ","World Eaters","Leviathan","Creeping Death","","Void Walker","11","Siege Breaker",""
"0001 - QJ","Imperial Fists","Leviathan","","","Robber Baron","5","Herald",""
"0001 - QJ","White Scars","Crusade","Orphans of Betrayal","","Perfected Targeting","1","Moritat",""
"0001 - QJ","Thousand Sons","Leviathan","Company of Bitter Iron","","Inspiring Presence","10","Delegatus",""
"0001 - QJ","White Scars","Castellan","","","Marcher Lord","11","Primus Nullificator",""
"0001 - QJ","Space Wolves","Leviathan","","","Void Master","5","Primus Nullificator",""
"0001 - QJ","Solar Auxilia","Crusade","","","Shattering Bombardment","9","Strategos",""
"0001 - QJ","Space Wolves","Onslaught","","","Bitter Blood","12","Delegatus",""
"0001 - QJ","Questoris Knights","Castellan","","","Master of Manoeuvre","2","Seneschal",""
"0001 - QJ","Word Bearers","Crusade","The Maru Skara","","Strategic Genius","4","Master of Signals",""
"0001 - QJ","Thousand Sons","Leviathan","","","Master of Ambush","7","Siege Breaker",""
"0001 - QJ","Blood Angels","Onslaught","","Dark Angels","Predictive Augury","6","Master of Signals",""
"0001 - QJ","Salamanders","Crusade","The Pale Hunters","Salamanders","Child of Terra","7","Primus Medicae",""
"0001 - QJ","Questoris Knights","Crusade","","Sons of Horus","Void Walker","6","Archmagos Draykavac",""
"0001 - QJ","Word Bearers","Onslaught","The Dark Brethren","","The Dust of a Thousand Worlds","11","Primus Nullificator",""
"0001 - QJ","Sons of Horus","Castellan","The Hammer of Olympia","World Eaters","Ruthless Tyrant","8","Master of Signals",""
"0001 - QJ","Alpha Legion","Castellan","Armoured Breakthrough","","Master of Mechanisms","13","Champion",""
"0001 - QJ","Word Bearers","Leviathan","The Head of the Gorgon","","Strategic Genius","3","Master of Signals",""
"0001 - QJ","Blood Angels","Castellan","3rd Company Elite","","Battlefield Analysis","13","Siege Breaker",""
"0001 - QJ","Salamanders","Castellan","Creeping Death","","Target Priority","6","Praetor",""
"0001 - QJ","World Eaters","Crusade","Angel's Wrath","","Glorious Renown","8","Champion",""
"0001 - QJ","Shattered Legions","Crusade","Headhunter Leviathal","","Master of the Vanguard","1","Herald",""
"0001 - QJ","Salamanders","Leviathan","Primarch's Chosen","","Beloved of the People","11","Primus Medicae",""
"0001 - QJ","Sons of Horus","Onslaught","Vigil Opertii Mission","Iron Hands","Princeps of Deceit","3","Praetor",""
"0001 - QJ","Word Bearers","Castellan","The Serpent's Bane","","Void Walker","2","Siege Breaker",""
"0001 - QJ","Space Wolves","Leviathan","3rd Company Elite","","Shattering Bombardment","2","Armistos",""
"0001 - QJ","Salamanders","Onslaught","The Reaping","","Siege Master","1","Praetor Tribune",""
"0001 - QJ","Dark Angels","Crusade","Sagyar Mazan","","Merchant Princeling","4","Vigilator",""
"0001 - QJ","Emperor's Children","Onslaught","","","Void Master","3","Praevian",""
"0001 - QJ","Blackshields","Crusade","","","Predictive Augury","2","Moritat",""
"0001 - QJ","Space Wolves","Onslaught","The Covenant of Fire","Death Guard","Uncanny Survivor","8","Delegatus",""
"0001 - QJ","Mechanicum","Onslaught","Ordo Reductor","","Master of Defence","12","Archmagos Draykavac",""
"0001 - QJ","Iron Hands","Onslaught","","Iron Hands","Paladin of Glory","4","Praevian",""
"0001 - QJ","Sons of Horus","Leviathan","Liberation Force","","Night Attacker","5","Master of Signals",""
"0001 - QJ","Blackshields","Crusade","","","Intimidating Presence","10","Siege Breaker",""
"0001 - QJ","Blood Angels","Leviathan","","World Eaters","Connoisseur of Alien Curios","7","Armistos",""
"0001 - QJ","Ultramarines","Leviathan","The Eskaton Imperative","","Master of Ambush","11","Warmonger",""
"0001 - QJ","Solar Auxilia","Onslaught","","","Master of Defence","6","Legate Commander",""
"0001 - QJ","Shattered Legions","Crusade","","","World Burner","15","Master of Signals",""
"0001 - QJ","Iron Warriors","Leviathan","Liberation Force","","Glorious Renown","6","Champion",""
"0001 - QJ","Militia & Cults","Onslaught","","","Battlefield Analysis","4","Discipline Master",""
"0001 - QJ","Raven Guard","Onslaught","Decapitation Strike","Emperor's Children","Master of Ambush","11","Moritat",""
"0001 - QJ","Mechanicum","Leviathan","Legio Cybernetica","","Divide to Conquer","15","Archmagos Inar Satarael",""
"0001 - QJ","Salamanders","Crusade","","","Target Priority","11","Armistos",""
"0001 - QJ","Space Wolves","Leviathan","The Serpent's Bane","Solar Auxilia","Immovable Object","11","Warmonger",""
"0001 - QJ","Blackshields","Onslaught","Orphans of Betrayal","Space Wolves","Robber Baron","1","Vigilator",""
"0001 - QJ","Death Guard","Onslaught","Zone Mortalis Assault Force","","Marcher Lord","5","Chaplain",""
"0001 - QJ","Salamanders","Crusade","The Hammer of Olympia","","Lord of the Abyss","5","Vigilator",""
"0001 - QJ","Solar Auxilia","Leviathan","","","Void Walker","12","Auxilia Tank Commander",""
"0001 - QJ","Sons of Horus","Leviathan","","","Master of Mechanisms","5","Herald",""
"0001 - QJ","Blood Angels","Onslaught","","Emperor's Children","Uncanny Survivor","10","Siege Breaker",""
"0001 - QJ","Questoris Knights","Crusade","","Word Bearers","Siege Master","2","Lord Scion",""
"0001 - QJ","Solar Auxilia","Onslaught","","Salamanders","Robber Baron","7","Legate Commander",""
"0001 - QJ","Night Lords","Leviathan","The Swift Blade","","Indomitable","1","Praetor",""
"0001 - QJ","Imperial Fists","Onslaught","","Mechanicum","Marcher Lord","4","Herald",""
"0001 - QJ","Imperial Fists","Crusade","Orphans of Betrayal","","Master of the Vanguard","5","Warmonger",""
"0001 - QJ","Mechanicum","Onslaught","","Blood Angels","Paladin of Glory","3","Secutarii Axiarch",""
"0001 - QJ","World Eaters","Crusade","","","The Dust of a Thousand Worlds","7","Praevian",""
"0001 - QJ","Word Bearers","Crusade","","Blood Angels","Coordinated Assault","11","Praetor Tribune",""
"0001 - QJ","Militia & Cults","Castellan","","","The Death of Flesh","10","Force Commander",""
"0001 - QJ","Blood Angels","Castellan","","Solar Auxilia","Void Master","14","Armistos",""
"0001 - QJ","Thousand Sons","Onslaught","","","Night Attacker","13","Forge Lord",""
"0001 - QJ","Iron Hands","Castellan","","","Coordinated Assault","2","Vigilator",""
"0001 - QJ","Night Lords","Castellan","Orphans of Betrayal","","Paladin of Glory","10","Praetor Tribune",""
"0001 - QJ","Emperor's Children","Onslaught","","Ultramarines","Robber Baron","4","Praevian",""
"0001 - QJ","Dark Angels","Onslaught","Horror Cult","","Lord of the Abyss","5","Librarian",""
"0001 - QJ","Militia & Cults","Onslaught","","","Beloved of the People","2","Rogue Psyker Alpha",""
"0001 - QJ","Mechanicum","matrixOfRuin","Legio Cybernetica","","Robber Baron","7","Anacharis Scoria",""
"0001 - QJ","Ultramarines","Crusade","","Salamanders","Divide to Conquer","13","Primus Medicae",""
"0001 - QJ","Iron Hands","Onslaught","Berserker Assault","","Princeps of Deceit","14","Armistos",""
"0001 - QJ","Dark Angels","Crusade","","","Hell Rider","6","Librarian",""
"0001 - QJ","Sons of Horus","Onslaught","","","Master of the Vanguard","15","Herald",""
"0001 - QJ","Solar Auxilia","Onslaught","","Raven Guard","Ruthless Tyrant","4","Lord Marshal Ireton MaSade",""
"0001 - QJ","Solar Auxilia","Onslaught","","Solar Auxilia","The Death of Flesh","6","Lord Marshal",""
"0001 - QJ","Blood Angels","Leviathan","","","Intimidating Presence","14","Delegatus",""
"0001 - QJ","Iron Warriors","Castellan","Zone Mortalis Assault Force","Ultramarines","Ruthless Tyrant","3","Siege Breaker",""
"0001 - QJ","Iron Warriors","Leviathan","Ironwing Protocol","","Favoured of Mars","12","Centurion",""
"0001 - QJ","Alpha Legion","Castellan","","","Void Walker","7","Primus Medicae",""
"0001 - QJ","Blood Angels","Leviathan","","","World Burner","1","Champion",""
"0001 - QJ","Sons of Horus","Castellan","","","Master of Manoeuvre","11","Vigilator",""
"0001 - QJ","Iron Hands","Onslaught","Pride of the Legion","","Predictive Augury","7","Master of Signals",""
"0001 - QJ","Ultramarines","Leviathan","","","Favoured of Mars","13","Vigilator",""
"0001 - QJ","Militia & Cults","Leviathan","","","World Burner","11","Discipline Master",""
"0001 - QJ","Alpha Legion","Crusade","The Day of Revelation","","Bitter Blood","13","Mortificator",""
"0001 - QJ","World Eaters","Leviathan","Brethren of Iron","","Marcher Lord","11","Champion",""
"0001 - QJ","Shattered Legions","Onslaught","","Word Bearers","Void Walker","5","Esoterist",""
"0001 - QJ","Night Lords","Onslaught","","World Eaters","Master Tactician","2","Moritat",""
"0001 - QJ","World Eaters","Castellan","The Covenant of Fire","Mechanicum","Master of Defence","11","Esoterist",""
"0001 - QJ","Shattered Legions","Onslaught","","","World Burner","15","Mortificator",""
"0001 - QJ","Shattered Legions","Castellan","The Storm of War","","Immovable Object","13","Delegatus",""
"0001 - QJ","Dark Angels","Castellan","Hunter-Killer Mission","","Dread Rites","11","Siege Breaker",""
"0001 - QJ","Alpha Legion","Crusade","","","Void Walker","4","Delegatus",""
"0001 - QJ","Mechanicum","Leviathan","","","Blind Barrage","9","Secutarii Axiarch",""
"0001 - QJ","Salamanders","Castellan","","","Master of Offence","13","Mortificator",""
"0001 - QJ","Sons of Horus","Leviathan","Hammerfell Strike Force","","Master Tactician","3","Delegatus",""
"0001 - QJ","Space Wolves","Onslaught","","Blood Angels","Blind Barrage","2","Praetor",""
"0001 - QJ","Space Wolves","Leviathan","Last of the Serrated Sun","World Eaters","Marcher Lord","15","Praevian",""
"0001 - QJ","Shattered Legions","Leviathan","Sagyar Mazan","","Master Tactician","10","Delegatus",""
"0001 - QJ","Solar Auxilia","Castellan","","","Paladin of Glory","14","Legate Commander",""
"0001 - QJ","Emperor's Children","Castellan","The Cross of Bone","Blackshields","Night Attacker","10","Mortificator",""
"0001 - QJ","Solar Auxilia","Onslaught","","","Immovable Object","15","Auxilia Tank Commander",""
"0001 - QJ","Death Guard","Crusade","","","Favoured of Mars","14","Chaplain",""
"0001 - QJ","World Eaters","Crusade","Horror Cult","","Master of Offence","10","Praetor Tribune",""
"0001 - QJ","Alpha Legion","Onslaught","The Steel Fist","","Puissant Commander","5","Praetor",""
"0001 - QJ","Imperial Fists","Crusade","Terror Assault","","Merchant Princeling","13","Primus Medicae",""
"0001 - QJ","Raven Guard","Crusade","","","Divide to Conquer","3","Primus Nullificator",""
"0001 - QJ","Ultramarines","Castellan","","","Marcher Lord","9","Praetor Tribune",""
"0001 - QJ","Alpha Legion","Leviathan","The Dark Brethren","","World Burner","12","Praevian",""
"0001 - QJ","Space Wolves","Castellan","Vigil Opertii Mission","","Blind Barrage","3","Praetor",""
"0001 - QJ","Dark Angels","Crusade","The Steel Fist","","Indomitable","13","Master of Signals",""
"0001 - QJ","Thousand Sons","Onslaught","Chogorian Brotherhood","","Puissant Commander","15","Primus Nullificator",""
"0001 - QJ","Raven Guard","Leviathan","","","Child of Terra","14","Librarian",""
"0001 - QJ","Questoris Knights","Castellan","","","Divide to Conquer","9","Archmagos Draykavac",""
"0001 - QJ","Mechanicum","matrixOfRuin","Legio Cybernetica","","Master of Manoeuvre","10","Magos reductor",""
"0001 - QJ","Solar Auxilia","Castellan","","Iron Hands","Intimidating Presence","14","Lord Marshal Ireton MaSade",""
"0001 - QJ","World Eaters","Crusade","","Mechanicum","Child of Terra","15","Librarian",""
"0001 - QJ","Iron Warriors","Onslaught","","","Intimidating Presence","5","Chaplain",""
"0001 - QJ","Militia & Cults","Castellan","","","Glorious Renown","15","Rogue Psyker Alpha",""
"0001 - QJ","Mechanicum","Crusade","Legio Cybernetica","Word Bearers","Bitter Blood","7","Secutarii Axiarch",""
"0001 - QJ","Solar Auxilia","Crusade","","","Legendary Fighter","5","Strategos",""
"0001 - QJ","Iron Hands","Onslaught","Horror Cult","","Inspiring Presence","8","Armistos",""
"0001 - QJ","Alpha Legion","Onslaught","The Reaping","","Target Priority","13","Armistos",""
"0001 - QJ","Dark Angels","Castellan","The Storm of War","White Scars","Battlefield Analysis","12","Praevian",""
"0001 - QJ","Death Guard","Leviathan","","","Siege Master","1","Primus Medicae",""
"0001 - QJ","Questoris Knights","Onslaught","","","Void Walker","15","Seneschal",""
"0001 - QJ","Word Bearers","Leviathan","The Pale Hunters","","Perfected Targeting","2","Centurion",""
"0001 - QJ","Shattered Legions","Crusade","Outcast Sons","","Child of Terra","2","Moritat",""
"0001 - QJ","Blackshields","Onslaught","Decapitation Strike","","Immovable Object","10","Herald",""
"0001 - QJ","Blood Angels","Onslaught","The Axis of Dissolution","Mechanicum","Night Attacker","12","Master of Signals",""
"0001 - QJ","Solar Auxilia","Crusade","","","Ruthless Tyrant","4","Lord Marshal",""
"0001 - QJ","Salamanders","Crusade","Armoured Spearhead","","Connoisseur of Alien Curios","5","Mortificator",""
"0001 - QJ","Ultramarines","Leviathan","The Unbroken Vow","","Hell Rider","15","Praetor",""
"0001 - QJ","Sons of Horus","Castellan","Hammerfell Strike Force","","Master of Mechanisms","1","Champion",""
"0001 - QJ","Alpha Legion","Onslaught","The Covenant of Fire","","Merchant Princeling","3","Armistos",""
"0001 - QJ","Raven Guard","Castellan","The Day of Sorrow","Iron Hands","Target Priority","4","Master of Signals",""
"0001 - QJ","Mechanicum","Leviathan","Ordo Reductor","","Princeps of Deceit","14","Magos Reductor",""
"0001 - QJ","Iron Warriors","Castellan","Company of Bitter Iron","Thousand Sons","Master of Manoeuvre","14","Herald",""
"0001 - QJ","Alpha Legion","Onslaught","","","Glorious Renown","10","Centurion",""
"0001 - QJ","Word Bearers","Castellan","Primarch's Chosen","","Legendary Fighter","12","Praetor",""
"0001 - QJ","Salamanders","Castellan","","","The Dust of a Thousand Worlds","12","Warmonger",""
"0001 - QJ","Space Wolves","Leviathan","","Blood Angels","Battlefield Analysis","2","Librarian",""
"0001 - QJ","Militia & Cults","Onslaught","","Militia & Cults","Perfected Targeting","3","Rogue Psyker",""
"0001 - QJ","Raven Guard","Crusade","Last of the Serrated Sun","Space Wolves","Lord of the Abyss","5","Warmonger",""
"0001 - QJ","Blackshields","Castellan","Sky Hunter Phalanx","Militia & Cults","Perfected Targeting","11","Praetor Tribune",""
"0001 - QJ","Iron Hands","Castellan","","Militia & Cults","Void Master","15","Forge Lord",""
"0001 - QJ","Night Lords","Onslaught","The Logos Lectora","","Ruthless Tyrant","6","Armistos",""
"0001 - QJ","Imperial Fists","Leviathan","Chogorian Brotherhood","Word Bearers","Bitter Blood","5","Esoterist",""
"0001 - QJ","Iron Hands","Castellan","The Awakening Fire","Blood Angels","Child of Terra","13","Praetor",""
"0001 - QJ","Iron Hands","Leviathan","","","Robber Baron","11","Esoterist",""
"0001 - QJ","Salamanders","Leviathan","","","The Dust of a Thousand Worlds","2","Delegatus",""
"0001 - QJ","Emperor's Children","Crusade","3rd Company Elite","","Master of Offence","8","Praetor",""
"0001 - QJ","Iron Warriors","Crusade","Hammerfell Strike Force","Iron Warriors","Glorious Renown","3","Forge Lord",""
"0001 - QJ","Questoris Knights","Crusade","","","Strategic Genius","13","Seneschal",""
"0001 - QJ","Dark Angels","Castellan","Headhunter Leviathal","","Princeps of Deceit","12","Centurion",""
"0001 - QJ","Solar Auxilia","Onslaught","","","Robber Baron","10","Auxilia Tank Commander",""
"0001 - QJ","Word Bearers","Castellan","The Storm of War","Imperial Fists","Master Tactician","5","Moritat",""
"0001 - QJ","Imperial Fists","Crusade","","Sons of Horus","Dread Rites","1","Delegatus",""
"0001 - QJ","Emperor's Children","Leviathan","Orphans of Betrayal","","Master of Ambush","14","Warmonger",""
"0001 - QJ","White Scars","Leviathan","","","Master of Manoeuvre","3","Siege Breaker",""
"0001 - QJ","Alpha Legion","Leviathan","","","Shattering Bombardment","11","Centurion",""
"0001 - QJ","Raven Guard","Crusade","The Head of the Gorgon","Iron Hands","Immovable Object","5","Primus Nullificator",""
"0001 - QJ","Salamanders","Onslaught","","","Shattering Bombardment","2","Master of Signals",""
"0001 - QJ","Shattered Legions","Crusade","","","Inspiring Presence","9","Librarian",""
"0001 - QJ","Militia & Cults","Onslaught","","Raven Guard","Princeps of Deceit","7","Rogue Psyker",""
"0001 - QJ","Questoris Knights","Crusade","","","Legendary Fighter","12","Seneschal",""
"0001 - QJ","Thousand Sons","Crusade","","","Blind Barrage","10","Herald",""
"0001 - QJ","Solar Auxilia","Leviathan","","","Master of Ambush","1","Strategos",""
"0001 - QJ","Death Guard","Leviathan","","","Puissant Commander","11","Chaplain",""
"0001 - QJ","Solar Auxilia","Crusade","","World Eaters","Paladin of Glory","1","Strategos",""
"0001 - QJ","Alpha Legion","Crusade","The Bloodied Claws","","Glorious Renown","8","Master of Signals",""
"0001 - QJ","Ultramarines","Onslaught","Ironwing Protocol","","Strategic Genius","8","Mortificator",""
"0001 - QJ","Word Bearers","Onslaught","Terror Assault","","Master of Defence","8","Primus Nullificator",""
"0001 - QJ","Salamanders","Castellan","","World Eaters","Shattering Bombardment","7","Esoterist",""
"0001 - QJ","Iron Warriors","Leviathan","","","The Dust of a Thousand Worlds","3","Forge Lord",""
"0001 - QJ","Blackshields","Leviathan","","","Bloody Handed","5","Librarian",""
"0001 - QJ","White Scars","Castellan","Pride of the Legion","","Merchant Princeling","11","Delegatus",""
"0001 - QJ","Militia & Cults","Crusade","","Emperor's Children","Intimidating Presence","6","Discipline Master",""
"0001 - QJ","Solar Auxilia","Castellan","","Imperial Fists","The Death of Flesh","15","Strategos",""
"0001 - QJ","Alpha Legion","Crusade","The Logos Lectora","","The Death of Flesh","9","Esoterist",""
"0001 - QJ","Thousand Sons","Castellan","Orphans of War","Solar Auxilia","Blind Barrage","13","Chaplain",""
"0001 - QJ","Solar Auxilia","Castellan","","Iron Warriors","Glorious Renown","14","Auxilia Tank Commander",""
"0001 - QJ","Mechanicum","Leviathan","Legio Cybernetica","","Princeps of Deceit","1","Archmagos Draykavac",""
"0001 - QJ","Dark Angels","Crusade","Horror Cult","Blood Angels","Marcher Lord","3","Delegatus",""
"0001 - QJ","Death Guard","Leviathan","The Stone Gauntlet","Shattered Legions","Ruthless Tyrant","4","Siege Breaker",""
"0001 - QJ","Raven Guard","Onslaught","The Axis of Dissolution","","Master of the Vanguard","10","Champion",""
"0001 - QJ","Imperial Fists","Crusade","The Reaping","","Tenacity","8","Primus Medicae",""
"0001 - QJ","Emperor's Children","Leviathan","The Axis of Dissolution","","Master of the Vanguard","6","Warmonger",""
"0001 - QJ","Thousand Sons","Leviathan","","Raven Guard","Master of Ambush","9","Armistos",""
"0001 - QJ","Iron Warriors","Crusade","The Serpent's Bane","","Void Walker","6","Esoterist",""
"0001 - QJ","World Eaters","Castellan","Ravenwing Protocol","","Night Attacker","4","Siege Breaker",""
"0001 - QJ","Shattered Legions","Crusade","Company of Bitter Iron","Thousand Sons","Puissant Commander","5","Librarian",""
"0001 - QJ","Mechanicum","matrixOfRuin","","","Master of Manoeuvre","4","Archmagos Inar Satarael",""
"0001 - QJ","Iron Warriors","Onslaught","Fury of the Ancients","Blood Angels","Shattering Bombardment","4","Primus Medicae",""
"0001 - QJ","Mechanicum","Castellan","Ordo Reductor","","Coordinated Assault","15","Magos Dominus",""
"0001 - QJ","Solar Auxilia","Castellan","","White Scars","Immovable Object","15","Auxilia Tank Commander",""
"0001 - QJ","Night Lords","Castellan","","Alpha Legion","Dread Rites","13","Forge Lord",""
"0001 - QJ","Solar Auxilia","Onslaught","","Space Wolves","Coordinated Assault","4","Auxilia Tank Commander",""
"0001 - QJ","Ultramarines","Castellan","","Ultramarines","Bloody Handed","9","Delegatus",""
"0001 - QJ","Questoris Knights","Crusade","","","Ruthless Tyrant","12","Lord Scion",""
"0001 - QJ","Iron Warriors","Castellan","Last of the Serrated Sun","","Puissant Commander","15","Forge Lord",""
"0001 - QJ","Raven Guard","Castellan","The Maru Skara","","The Dust of a Thousand Worlds","9","Moritat",""
"0001 - QJ","Shattered Legions","Onslaught","","","Master of Ambush","11","Forge Lord",""
"0001 - QJ","Shattered Legions","Castellan","","","Connoisseur of Alien Curios","11","Primus Nullificator",""
"0001 - QJ","Ultramarines","Castellan","","Blackshields","Predictive Augury","12","Siege Breaker",""
"0001 - QJ","Alpha Legion","Castellan","The Logos Lectora","","Siege Master","13","Chaplain",""
"0001 - QJ","Space Wolves","Crusade","Chymeriae","","Conqueror of Cities","1","Siege Breaker",""
"0001 - QJ","Dark Angels","Leviathan","Creeping Death","","Coordinated Assault","9","Esoterist",""
"0001 - QJ","Blackshields","Castellan","Vigil Opertii Mission","","Marcher Lord","2","Praetor",""
"0001 - QJ","Blood Angels","Crusade","Headhunter Leviathal","Word Bearers","Child of Terra","13","Warmonger",""
"0001 - QJ","Sons of Horus","Castellan","Ironwing Protocol","","Princeps of Deceit","7","Praevian",""
"0001 - QJ","Imperial Fists","Castellan","Liberation Force","Salamanders","Master of Manoeuvre","13","Praetor Tribune",""
"0001 - QJ","Dark Angels","Castellan","","","Void Master","5","Armistos",""
"0001 - QJ","Raven Guard","Leviathan","The Head of the Gorgon","","Coordinated Assault","10","Master of Signals",""
"0001 - QJ","White Scars","Leviathan","The Maru Skara","Night Lords","Master of Mechanisms","3","Chaplain",""
"0001 - QJ","Mechanicum","Onslaught","Ordo Reductor","","Inspiring Presence","6","Magos reductor",""
"0001 - QJ","Dark Angels","Crusade","","","Inspiring Presence","1","Champion",""
"0001 - QJ","Ultramarines","Castellan","Orphans of War","","Blind Barrage","9","Armistos",""
"0001 - QJ","Emperor's Children","Castellan","","","Predictive Augury","6","Armistos",""
"0001 - QJ","Sons of Horus","Crusade","","","Target Priority","8","Herald",""
"0001 - QJ","Ultramarines","Crusade","The Logos Lectora","","Master of Mechanisms","13","Praetor Tribune",""
"0001 - QJ","Blackshields","Crusade","After Isstvan","","Favoured of Mars","9","Praevian",""
"0001 - QJ","Space Wolves","Leviathan","The Swift Blade","","Siege Master","6","Mortificator",""
"0001 - QJ","Salamanders","Onslaught","The Axis of Dissolution","Night Lords","Puissant Commander","11","Siege Breaker",""
"0001 - QJ","Iron Hands","Leviathan","The Bloodied Gauntlet","","Master of Offence","13","Moritat",""
"0001 - QJ","Night Lords","Onslaught","","","Hell Rider","13","Vigilator",""
"0001 - QJ","Alpha Legion","Leviathan","","","Battlefield Analysis","4","Warmonger",""
"0001 - QJ","Shattered Legions","Onslaught","Outcast Sons","","Robber Baron","2","Vigilator",""
"0001 - QJ","Raven Guard","Onslaught","The Head of the Gorgon","","Strategic Genius","14","Centurion",""
"0001 - QJ","Thousand Sons","Leviathan","The Black Reaving","Questoris Knights","Favoured of Mars","6","Praevian",""
"0001 - QJ","Dark Angels","Crusade","","","Marcher Lord","11","Centurion",""
"0001 - QB","Blood Angels","Leviathan","","","Night Attacker","10","Master of Signals",""
"0001 - QB","Blackshields","Onslaught","The Swift Blade","Solar Auxilia","Favoured of Mars","8","Herald",""
"0001 - QB","Solar Auxilia","Onslaught","","White Scars","Master of Defence","2","Auxilia Tank Commander",""
"0001 - QB","Ultramarines","Crusade","","","Night Attacker","7","Warmonger",""
"0001 - QB","Questoris Knights","Castellan","","","Paladin of Glory","8","Archmagos Draykavac",""
"0001 - QB","Salamanders","Onslaught","","","The Dust of a Thousand Worlds","4","Delegatus",""
"0001 - QB","Blood Angels","Leviathan","Berserker Assault","","Intimidating Presence","12","Praetor Tribune",""
"0001 - QB","Death Guard","Castellan","","Thousand Sons","Bloody Handed","13","Vigilator",""
"0001 - QB","Iron Hands","Castellan","","","The Dust of a Thousand Worlds","13","Master of Signals",""
"0001 - QB","Blackshields","Onslaught","The Coils of the Hydra","","Child of Terra","2","Herald",""
"0001 - QB","Emperor's Children","Onslaught","","","Bloody Handed","14","Praetor",""
"0001 - QB","White Scars","Crusade","Drop Assault Vanguard","","World Burner","15","Mortificator",""
"0001 - QB","Raven Guard","Crusade","The Unbroken Vow","","Merchant Princeling","10","Warmonger",""
"0001 - QB","Iron Warriors","Crusade","Ravenwing Protocol","","Master of the Vanguard","1","Praevian",""
"0001 - QB","Questoris Knights","Crusade","","","Master of Manoeuvre","12","Lord Scion",""
"0001 - QB","Thousand Sons","Crusade","Ravenwing Protocol","","Bitter Blood","12","Moritat",""
"0001 - QB","Thousand Sons","Leviathan","Pride of the Legion","","Conqueror of Cities","1","Praevian",""
"0001 - QB","Emperor's Children","Castellan","","","Robber Baron","2","Esoterist",""
"0001 - QB","Questoris Knights","Leviathan","","","Coordinated Assault","5","Archmagos Draykavac",""
"0001 - QB","Word Bearers","Castellan","Zone Mortalis Assault Force","","Battlefield Analysis","5","Vigilator",""
"0001 - QB","Raven Guard","Onslaught","Zone Mortalis Assault Force","World Eaters","Master of Offence","12","Primus Medicae",""
"0001 - QB","Solar Auxilia","Crusade","","","Coordinated Assault","11","Strategos",""
"0001 - QB","Dark Angels","Onslaught","Ravenwing Protocol","Dark Angels","Shattering Bombardment","7","Vigilator",""
"0001 - QB","Word Bearers","Onslaught","","","Coordinated Assault","6","Primus Medicae",""
"0001 - QB","Salamanders","Onslaught","Sagyar Mazan","Mechanicum","Conqueror of Cities","9","Forge Lord",""
"0001 - QB","Militia & Cults","Crusade","","","Shattering Bombardment","15","Rogue Psyker",""
"0001 - QB","Solar Auxilia","Onslaught","","","Connoisseur of Alien Curios","12","Strategos",""
"0001 - QB","Solar Auxilia","Castellan","","","Paladin of Glory","3","Legate Commander",""
"0001 - QB","Blackshields","Leviathan","Headhunter Leviathal","","Intimidating Presence","9","Mortificator",""
"0001 - QB","Thousand Sons","Onslaught","","","Bloody Handed","15","Praetor",""
"0001 - QB","Iron Warriors","Castellan","Sky Hunter Phalanx","","Divide to Conquer","6","Siege Breaker",""
"0001 - QB","Alpha Legion","Castellan","Sagyar Mazan","Mechanicum","Perfected Targeting","10","Chaplain",""
"0001 - QB","Blackshields","Onslaught","Orbital Assault","Alpha Legion","Lord of the Abyss","11","Centurion",""
"0001 - QB","Shattered Legions","Onslaught","Angel's Wrath","","Master of Mechanisms","3","Centurion",""
"0001 - QB","Salamanders","Castellan","","","Master of the Vanguard","13","Primus Medicae",""
"0001 - QB","World Eaters","Leviathan","The Awakening Fire","Iron Warriors","Hell Rider","12","Delegatus",""
"0001 - QB","Ultramarines","Leviathan","The Swift Blade","","Void Master","15","Esoterist",""
"0001 - QB","Imperial Fists","Crusade","","Solar Auxilia","Shattering Bombardment","10","Esoterist",""
"0001 - QB","Iron Warriors","Onslaught","","","Strategic Genius","5","Champion",""
"0001 - QB","Raven Guard","Castellan","The Crimson Path","","Immovable Object","7","Champion",""
"0001 - QB","Questoris Knights","Crusade","","","Legendary Fighter","8","Lord Scion",""
"0001 - QB","Dark Angels","Castellan","","Emperor's Children","World Burner","2","Praevian",""
"0001 - QB","Imperial Fists","Leviathan","","","Shattering Bombardment","14","Praetor Tribune",""
"0001 - QB","Iron Warriors","Castellan","Outcast Sons","","Master of the Vanguard","15","Centurion",""
"0001 - QB","Iron Hands","Leviathan","The Logos Lectora","Word Bearers","Connoisseur of Alien Curios","8","Praevian",""
"0001 - QB","Space Wolves","Crusade","","","Master Tactician","10","Master of Signals",""
"0001 - QB","Blackshields","Castellan","Zone Mortalis Assault Force","","Master of Ambush","3","Warmonger",""
"0001 - QB","Blackshields","Leviathan","","","Coordinated Assault","1","Mortificator",""
"0001 - QB","Space Wolves","Leviathan","","","Shattering Bombardment","14","Esoterist",""
"0001 - QB","Emperor's Children","Castellan","The Reaping","Sons of Horus","Favoured of Mars","2","Champion",""
"0001 - QB","Death Guard","Crusade","","Ultramarines","Night Attacker","13","Master of Signals",""
"0001 - QB","Blood Angels","Onslaught","The Guard of the Crimson King","","Princeps of Deceit","5","Armistos",""
"0001 - QB","Death Guard","Onslaught","The Seekers Arrow","","Connoisseur of Alien Curios","14","Forge Lord",""
"0001 - QB","Death Guard","Leviathan","","Death Guard","Master of Offence","3","Praevian",""
"0001 - QB","Shattered Legions","Onslaught","The Seekers Arrow","","Puissant Commander","12","Champion",""
"0001 - QB","Dark Angels","Leviathan","Orphans of War","","Princeps of Deceit","6","Praetor",""
"0001 - QB","Blackshields","Leviathan","Hunter-Killer Mission","","Hell Rider","2","Primus Nullificator",""
"0001 - QB","Thousand Sons","Onslaught","","","Master of Manoeuvre","5","Esoterist",""
"0001 - QB","Solar Auxilia","Crusade","","","Connoisseur of Alien Curios","1","Strategos",""
"0001 - QB","World Eaters","Onslaught","","","Intimidating Presence","11","Warmonger",""
"0001 - QB","Emperor's Children","Leviathan","","","Legendary Fighter","3","Chaplain",""
"0001 - QB","Solar Auxilia","Leviathan","","","Master of Defence","7","Strategos",""
"0001 - QB","Dark Angels","Onslaught","Chogorian Brotherhood","","Battlefield Analysis","9","Moritat",""
"0001 - QB","Night Lords","Crusade","","","Merchant Princeling","12","Master of Signals",""
"0001 - QB","Blood Angels","Crusade","","","Coordinated Assault","7","Praetor",""
"0001 - QB","Ultramarines","Leviathan","","","Siege Master","15","Praetor Tribune",""
"0001 - QB","Alpha Legion","Onslaught","","","Master of Manoeuvre","8","Siege Breaker",""
"0001 - QB","Ultramarines","Leviathan","","Space Wolves","Connoisseur of Alien Curios","5","Praetor Tribune",""
"0001 - QB","Iron Hands","Castellan","","","The Death of Flesh","1","Champion",""
"0001 - QB","Mechanicum","Castellan","Ordo Reductor","Salamanders","Master of Manoeuvre","8","Magos Reductor",""
"0001 - QB","Night Lords","Onslaught","The Reaping","","Child of Terra","6","Vigilator",""
"0001 - QB","World Eaters","Castellan","Chymeriae","","The Dust of a Thousand Worlds","5","Chaplain",""
"0001 - QB","Mechanicum","matrixOfRuin","Legio Cybernetica","","Indomitable","11","Magos Dominus",""
"0001 - QB","Death Guard","Crusade","Chymeriae","","Blind Barrage","8","Mortificator",""
"0001 - QB","Death Guard","Onslaught","The Axis of Dissolution","Solar Auxilia","Connoisseur of Alien Curios","7","Warmonger",""
"0001 - QB","Imperial Fists","Crusade","The Black Reaving","","Ruthless Tyrant","10","Esoterist",""
"0001 - QB","Solar Auxilia","Castellan","","","Marcher Lord","11","Lord Marshal",""
"0001 - QB","Raven Guard","Leviathan","Chymeriae","","Siege Master","14","Esoterist",""
"0001 - QB","Sons of Horus","Castellan","The Stone Gauntlet","Alpha Legion","Master of Defence","13","Praevian",""
"0001 - QB","Militia & Cults","Castellan","","","Child of Terra","10","Discipline Master",""
"0001 - QB","Alpha Legion","Crusade","The Swift Blade","","Target Priority","3","Praetor",""
"0001 - QB","Mechanicum","Onslaught","Legio Cybernetica","Alpha Legion","Predictive Augury","2","Secutarii Axiarch",""
"0001 - QB","Mechanicum","Castellan","Legio Cybernetica","Thousand Sons","Master Tactician","6","Archmagos Dominus",""
"0001 - QB","Imperial Fists","Crusade","Terror Assault","World Eaters","Immovable Object","5","Herald",""
"0001 - QB","Solar Auxilia","Onslaught","","","The Dust of a Thousand Worlds","3","Strategos",""
"0001 - QB","Iron Hands","Onslaught","","","Master of the Vanguard","14","Warmonger",""
"0001 - QB","Questoris Knights","Leviathan","","Mechanicum","The Death of Flesh","9","Lord Scion",""
"0001 - QB","Iron Hands","Leviathan","","","Beloved of the People","10","Vigilator",""
"0001 - QB","Solar Auxilia","Onslaught","","White Scars","Princeps of Deceit","1","Lord Marshal",""
"0001 - QB","Iron Hands","Crusade","","Solar Auxilia","Perfected Targeting","9","Primus Medicae",""
"0001 - QB","Blood Angels","Crusade","","Blackshields","Legendary Fighter","13","Mortificator",""
"0001 - QB","World Eaters","Crusade","Hunter-Killer Mission","","Indomitable","6","Siege Breaker",""
"0001 - QB","Alpha Legion","Castellan","","","Shattering Bombardment","7","Esoterist",""
"0001 - QB","Emperor's Children","Onslaught","The Steel Fist","","Battlefield Analysis","14","Warmonger",""
"0001 - QB","Blood Angels","Leviathan","","","Dread Rites","1","Siege Breaker",""
"0001 - QB","Blood Angels","Castellan","The Eskaton Imperative","Imperial Fists","Master of the Vanguard","6","Forge Lord",""
"0001 - QB","Ultramarines","Onslaught","","","Inspiring Presence","15","Praevian",""
"0001 - QB","Ultramarines","Castellan","The Cross of Bone","Space Wolves","Void Walker","8","Primus Medicae",""
"0001 - QB","Iron Hands","Crusade","","","Favoured of Mars","5","Primus Nullificator",""
"0001 - QB","Night Lords","Onslaught","The Logos Lectora","Blackshields","Legendary Fighter","15","Delegatus",""
"0001 - QB","Night Lords","Onslaught","Ironfire","","Conqueror of Cities","5","Esoterist",""
"0001 - QB","Blood Angels","Onslaught","Outcast Sons","","Master of Offence","11","Mortificator",""
"0001 - QB","Solar Auxilia","Castellan","","","Divide to Conquer","9","Auxilia Tank Commander",""
"0001 - QB","Sons of Horus","Onslaught","The Day of Sorrow","","Connoisseur of Alien Curios","2","Mortificator",""
"0001 - QB","World Eaters","Castellan","","","Shattering Bombardment","13","Primus Nullificator",""
"0001 - QB","Dark Angels","Onslaught","","","Night Attacker","6","Vigilator",""
"0001 - QB","Mechanicum","matrixOfRuin","Legio Cybernetica","","Target Priority","12","Magos Dominus",""
"0001 - QB","Emperor's Children","Castellan","Legion Recon Company","","Marcher Lord","6","Armistos",""
"0001 - QB","Death Guard","Leviathan","","Death Guard","Merchant Princeling","7","Siege Breaker",""
"0001 - QB","Thousand Sons","Leviathan","","","Predictive Augury","7","Herald",""
"0001 - QB","Imperial Fists","Onslaught","","","Bitter Blood","15","Forge Lord",""
"0001 - QB","Iron Hands","Onslaught","","","Legendary Fighter","9","Herald",""
"0001 - QB","Death Guard","Leviathan","Sagyar Mazan","","Predictive Augury","6","Chaplain",""
"0001 - QB","Space Wolves","Leviathan","Ravenwing Protocol","","Tenacity","2","Chaplain",""
"0001 - QB","Ultramarines","Leviathan","The Eskaton Imperative","","Beloved of the People","5","Librarian",""
"0001 - QB","Ultramarines","Crusade","Sagyar Mazan","World Eaters","Coordinated Assault","10","Esoterist",""
"0001 - QB","Salamanders","Leviathan","Fury of the Ancients","","Blind Barrage","12","Delegatus",""
"0001 - QB","White Scars","Castellan","Vigil Opertii Mission","","Divide to Conquer","9","Champion",""
"0001 - QB","Blackshields","Leviathan","","","Inspiring Presence","8","Mortificator",""
"0001 - QB","Night Lords","Leviathan","The Awakening Fire","Death Guard","Marcher Lord","15","Warmonger",""
"0001 - QB","Ultramarines","Leviathan","The Awakening Fire","","Siege Master","2","Primus Medicae",""
"0001 - QB","Emperor's Children","Crusade","","","Beloved of the People","2","Praetor Tribune",""
"0001 - QB","Blackshields","Onslaught","Liberation Force","Word Bearers","Marcher Lord","3","Chaplain",""
"0001 - QB","Ultramarines","Leviathan","The Long March","","Tenacity","12","Armistos",""
"0001 - QB","Emperor's Children","Crusade","Drop Assault Vanguard","","Princeps of Deceit","6","Moritat",""
"0001 - QB","Word Bearers","Crusade","After Isstvan","","The Dust of a Thousand Worlds","3","Chaplain",""
"0001 - QB","World Eaters","Onslaught","","","Puissant Commander","13","Moritat",""
"0001 - QB","Sons of Horus","Castellan","Chymeriae","","Master of Manoeuvre","14","Vigilator",""
"0001 - QB","White Scars","Onslaught","Chymeriae","","Predictive Augury","6","Moritat",""
"0001 - QB","Alpha Legion","Crusade","Sagyar Mazan","","Paladin of Glory","7","Master of Signals",""
"0001 - QB","Shattered Legions","Onslaught","The Reaping","","Conqueror of Cities","2","Siege Breaker",""
"0001 - QB","Dark Angels","Crusade","The Unbroken Vow","","Coordinated Assault","11","Praevian",""
"0001 - QB","Word Bearers","Leviathan","The Seekers Arrow","","Ruthless Tyrant","12","Praetor",""
"0001 - QB","Imperial Fists","Onslaught","Primarch's Chosen","","Uncanny Survivor","2","Siege Breaker",""
"0001 - QB","Raven Guard","Leviathan","The Day of Revelation","","Void Master","10","Centurion",""
"0001 - QB","World Eaters","Onslaught","Terror Assault","Raven Guard","Intimidating Presence","5","Warmonger",""
"0001 - QB","Emperor's Children","Castellan","Headhunter Leviathal","","Hell Rider","13","Warmonger",""
"0001 - QB","Space Wolves","Onslaught","Horror Cult","","Master of the Vanguard","12","Siege Breaker",""
"0001 - QB","Iron Warriors","Crusade","Sky Hunter Phalanx","","World Burner","3","Praetor Tribune",""
"0001 - QB","Thousand Sons","Onslaught","The Maru Skara","","Lord of the Abyss","6","Mortificator",""
"0001 - QB","Shattered Legions","Castellan","The Unbroken Vow","","Master of Ambush","15","Chaplain",""
"0001 - QB","Ultramarines","Castellan","","Death Guard","Marcher Lord","6","Centurion",""
"0001 - QB","Thousand Sons","Leviathan","","Space Wolves","Master of Ambush","12","Armistos",""
"0001 - QB","Thousand Sons","Leviathan","","","Hell Rider","4","Master of Signals",""
"0001 - QB","White Scars","Castellan","","White Scars","Dread Rites","9","Siege Breaker",""
"0001 - QB","Shattered Legions","Onslaught","","Emperor's Children","Shattering Bombardment","7","Herald",""
"0001 - QB","Militia & Cults","Castellan","","","Glorious Renown","15","Discipline Master",""
"0001 - QB","White Scars","Onslaught","Sacrificial Offering","","Child of Terra","12","Esoterist",""
"0001 - QB","World Eaters","Castellan","Orphans of Betrayal","Sons of Horus","Intimidating Presence","15","Forge Lord",""
"0001 - QB","World Eaters","Crusade","","Iron Hands","Night Attacker","2","Delegatus",""
"0001 - QB","Mechanicum","Castellan","Ordo Reductor","White Scars","Night Attacker","13","Magos Reductor Calleb Decima",""
"0001 - QB","Ultramarines","Leviathan","","","Void Walker","9","Moritat",""
"0001 - QB","Iron Warriors","Crusade","","","Master of the Vanguard","8","Primus Nullificator",""
"0001 - QB","Raven Guard","Leviathan","Fury of the Ancients","","Uncanny Survivor","8","Primus Medicae",""
"0001 - QB","White Scars","Crusade","","","Legendary Fighter","6","Mortificator",""
"0001 - QB","Salamanders","Castellan","The Hammer of Olympia","","Night Attacker","2","Mortificator",""
"0001 - QB","Iron Warriors","Castellan","Horror Cult","","Marcher Lord","13","Praetor",""
"0001 - QB","Ultramarines","Castellan","Orphans of Betrayal","","Legendary Fighter","2","Centurion",""
"0001 - QB","Sons of Horus","Leviathan","","","Strategic Genius","6","Chaplain",""
"0001 - QB","Solar Auxilia","Onslaught","","Mechanicum","Hell Rider","7","Legate Commander",""
"0001 - QB","Blackshields","Castellan","Sacrificial Offering","Solar Auxilia","Beloved of the People","10","Primus Medicae",""
"0001 - QB","Solar Auxilia","Onslaught","","","Siege Master","1","Strategos",""
"0001 - QB","Blackshields","Crusade","","","Lord of the Abyss","5","Armistos",""
"0001 - QB","Ultramarines","Castellan","","Alpha Legion","Uncanny Survivor","4","Primus Nullificator",""
"0001 - QB","Blood Angels","Crusade","","","Blind Barrage","13","Librarian",""
"0001 - QB","Iron Hands","Crusade","The Bloodied Claws","","Child of Terra","1","Primus Nullificator",""
"0001 - QB","Sons of Horus","Crusade","The Logos Lectora","Ultramarines","Void Walker","6","Master of Signals",""
"0001 - QB","Mechanicum","Onslaught","","","Marcher Lord","9","Anacharis Scoria",""
"0001 - QB","Word Bearers","Leviathan","Last of the Serrated Sun","","Bloody Handed","4","Forge Lord",""
"0001 - QB","Salamanders","Onslaught","After Isstvan","","Child of Terra","10","Primus Nullificator",""
"0001 - QB","Imperial Fists","Onslaught","","","The Death of Flesh","8","Mortificator",""
"0001 - QB","Raven Guard","Leviathan","","","Night Attacker","1","Forge Lord",""
"0001 - QB","Iron Hands","Crusade","The Serpent's Bane","Word Bearers","Coordinated Assault","13","Champion",""
"0001 - QB","Death Guard","Leviathan","Armoured Spearhead","","Inspiring Presence","12","Master of Signals",""
"0001 - QB","White Scars","Crusade","","Raven Guard","Child of Terra","10","Primus Medicae",""
"0001 - QB","Mechanicum","matrixOfRuin","","","Child of Terra","9","Magos Reductor",""
"0001 - QB","Death Guard","Crusade","Vigil Opertii Mission","","Bloody Handed","10","Master of Signals",""
"0001 - QB","Blood Angels","Leviathan","","","Beloved of the People","14","Centurion",""
"0001 - QB","Ultramarines","Castellan","Armoured Spearhead","","Bloody Handed","8","Armistos",""
"0001 - QB","Imperial Fists","Crusade","","Mechanicum","Master Tactician","13","Armistos",""
"0001 - QB","Death Guard","Castellan","Sagyar Mazan","","Tenacity","15","Armistos",""
"0001 - QB","Iron Hands","Crusade","","","Blind Barrage","12","Warmonger",""
"0001 - QB","Ultramarines","Crusade","","","Divide to Conquer","14","Vigilator",""
"0001 - QB","Death Guard","Castellan","Ironwing Protocol","","Perfected Targeting","5","Herald",""
"0001 - QB","Blackshields","Leviathan","","","Child of Terra","11","Librarian",""
"0001 - QB","Thousand Sons","Crusade","","","Tenacity","10","Librarian",""
"0001 - QB","Alpha Legion","Onslaught","The Hammer of Olympia","Mechanicum","Strategic Genius","13","Armistos",""
"0001 - QB","Imperial Fists","Onslaught","Company of Bitter Iron","","Favoured of Mars","12","Herald",""
"0001 - QB","Questoris Knights","Onslaught","","Iron Warriors","Coordinated Assault","8","Lord Scion",""
"0001 - QB","Blood Angels","Onslaught","Sacrificial Offering","","Princeps of Deceit","10","Mortificator",""
"0001 - QB","Night Lords","Crusade","Orphans of Betrayal","","Dread Rites","8","Moritat",""
"0001 - QB","Night Lords","Crusade","Ravenwing Protocol","Salamanders","Lord of the Abyss","2","Chaplain",""
"0001 - QB","Iron Hands","Leviathan","Chogorian Brotherhood","","Connoisseur of Alien Curios","7","Esoterist",""
"0001 - QB","Solar Auxilia","Castellan","","","The Dust of a Thousand Worlds","7","Lord Marshal Ireton MaSade",""
"0001 - QB","Shattered Legions","Leviathan","","","The Death of Flesh","14","Herald",""
"0001 - QB","Dark Angels","Onslaught","Angel's Wrath","","Battlefield Analysis","10","Praevian",""
"0001 - QB","Solar Auxilia","Castellan","","","Uncanny Survivor","4","Strategos",""
"0001 - QB","Alpha Legion","Crusade","Hunter-Killer Mission","Night Lords","Connoisseur of Alien Curios","14","Moritat",""
"0001 - QB","Thousand Sons","Leviathan","Last of the Serrated Sun","","Legendary Fighter","13","Primus Medicae",""
"0001 - QB","Night Lords","Onslaught","","","Shattering Bombardment","6","Master of Signals",""
"0001 - QB","Alpha Legion","Castellan","Pride of the Legion","","Conqueror of Cities","5","Armistos",""
"0001 - QB","Dark Angels","Castellan","The Bloodied Claws","Blackshields","Strategic Genius","13","Mortificator",""
"0001 - QB","Solar Auxilia","Onslaught","","","Connoisseur of Alien Curios","4","Lord Marshal Ireton MaSade",""
"0001 - QB","Raven Guard","Castellan","","","Strategic Genius","9","Librarian",""
"0001 - QB","Raven Guard","Onslaught","","","Hell Rider","9","Armistos",""
"0001 - QB","Blackshields","Crusade","Horror Cult","Thousand Sons","Legendary Fighter","13","Primus Nullificator",""
"0001 - QB","World Eaters","Castellan","Outcast Sons","Alpha Legion","Battlefield Analysis","3","Centurion",""
"0001 - QB","Alpha Legion","Crusade","Horror Cult","World Eaters","Master of Defence","3","Librarian",""
"0001 - QB","Iron Warriors","Leviathan","Drop Assault Vanguard","","Void Master","5","Praetor",""
"0001 - QB","Alpha Legion","Castellan","Armoured Spearhead","Night Lords","Divide to Conquer","6","Siege Breaker",""
"0001 - QB","World Eaters","Onslaught","The Storm of War","Militia & Cults","Void Walker","14","Praetor Tribune",""
"0001 - QB","Space Wolves","Onslaught","","","Conqueror of Cities","12","Primus Medicae",""
"0001 - QB","Salamanders","Crusade","The Dark Brethren","","Lord of the Abyss","4","Librarian",""
"0001 - QB","Death Guard","Crusade","Berserker Assault","","Void Master","14","Herald",""
"0001 - QB","Militia & Cults","Crusade","","Solar Auxilia","World Burner","6","Rogue Psyker Alpha",""
"0001 - QB","Death Guard","Onslaught","Armoured Spearhead","","Master of Ambush","5","Praetor",""
"0001 - QB","Shattered Legions","Castellan","","","Master of Defence","13","Praevian",""
"0001 - QB","Night Lords","Castellan","The Day of Sorrow","","Perfected Targeting","6","Moritat",""
"0001 - QB","Mechanicum","matrixOfRuin","","","Child of Terra","5","Magos Dominus",""
"0001 - QB","Imperial Fists","Castellan","Armoured Spearhead","","Conqueror of Cities","13","Praevian",""
"0001 - QB","Blood Angels","Crusade","Outlanders","","Master Tactician","8","Primus Nullificator",""
"0001 - QB","Imperial Fists","Onslaught","Armoured Breakthrough","","Beloved of the People","7","Delegatus",""
"0001 - QB","Night Lords","Onslaught","The Black Reaving","Night Lords","Target Priority","12","Mortificator",""
"0001 - QB","Militia & Cults","Crusade","","Solar Auxilia","Tenacity","14","Platoon Commander",""
"0001 - QB","Ultramarines","Crusade","The Seekers Arrow","","Bloody Handed","15","Delegatus",""
"0001 - QB","Alpha Legion","Leviathan","The Coils of the Hydra","","Robber Baron","9","Chaplain",""
"0001 - QB","Salamanders","Leviathan","Zone Mortalis Assault Force","","The Dust of a Thousand Worlds","9","Mortificator",""
"0001 - QB","Questoris Knights","Crusade","","","Master of Manoeuvre","9","Archmagos Draykavac",""
"0001 - QB","Iron Hands","Onslaught","","","Siege Master","13","Master of Signals",""
"0001 - QB","Emperor's Children","Leviathan","The Guard of the Crimson King","","Legendary Fighter","1","Praetor Tribune",""
"0001 - QB","Iron Hands","Onslaught","The Pale Hunters","","Princeps of Deceit","6","Siege Breaker",""
"0001 - QB","Dark Angels","Castellan","The Axis of Dissolution","","Blind Barrage","6","Delegatus",""
"0001 - QB","Dark Angels","Crusade","The Stone Gauntlet","","Night Attacker","9","Master of Signals",""
"0001 - QB","Questoris Knights","Crusade","","Alpha Legion","Void Walker","4","Archmagos Draykavac",""
"0001 - QB","Death Guard","Leviathan","","","The Death of Flesh","10","Herald",""
"0001 - QB","Iron Warriors","Leviathan","","","The Death of Flesh","4","Librarian",""
"0001 - QB","Space Wolves","Onslaught","Liberation Force","","Ruthless Tyrant","3","Primus Nullificator",""
"0001 - QB","Death Guard","Onslaught","Outcast Sons","","Siege Master","15","Chaplain",""
"0001 - QB","Raven Guard","Leviathan","","","Master of Ambush","11","Siege Breaker",""
"0001 - QB","Night Lords","Leviathan","Chymeriae","","Legendary Fighter","13","Moritat",""
"0001 - QB","Sons of Horus","Crusade","Ironfire","","Glorious Renown","1","Siege Breaker",""
"0001 - QB","Militia & Cults","Leviathan","","","Tenacity","2","Rogue Psyker",""
"0001 - QB","Iron Warriors","Leviathan","","","Void Walker","11","Praetor",""
"0001 - QB","Questoris Knights","Leviathan","","Space Wolves","Intimidating Presence","11","Lord Scion",""
"0001 - QB","Imperial Fists","Crusade","The Seekers Arrow","","Lord of the Abyss","11","Primus Nullificator",""
"0001 - QB","Blood Angels","Crusade","","","Lord of the Abyss","6","Librarian",""
"0001 - QB","Blackshields","Onslaught","Ironfire","Solar Auxilia","World Burner","6","Siege Breaker",""
"0001 - QB","Death Guard","Crusade","","","The Dust of a Thousand Worlds","15","Armistos",""
"0001 - QB","Sons of Horus","Onslaught","","","Child of Terra","12","Chaplain",""
"0001 - QB","Mechanicum","Castellan","Legio Cybernetica","","Master of Manoeuvre","11","Magos reductor",""
"0001 - QB","Thousand Sons","Leviathan","Pride of the Legion","","Strategic Genius","12","Master of Signals",""
"0001 - QB","Iron Warriors","Leviathan","Orphans of Betrayal","","The Death of Flesh","5","Librarian",""
"0001 - QB","Thousand Sons","Crusade","","","Siege Master","4","Champion",""
"0001 - QB","Iron Hands","Leviathan","","","Legendary Fighter","12","Forge Lord",""
"0001 - QB","Questoris Knights","Leviathan","","","Target Priority","3","Archmagos Draykavac",""
"0001 - QB","Blackshields","Crusade","The Logos Lectora","","Marcher Lord","11","Siege Breaker",""
"0001 - QB","Shattered Legions","Leviathan","3rd Company Elite","Night Lords","Favoured of Mars","12","Praevian",""
"0001 - QB","White Scars","Crusade","The Steel Fist","","Robber Baron","5","Siege Breaker",""
"0001 - QB","Thousand Sons","Crusade","The Steel Fist","","Robber Baron","11","Mortificator",""
"0001 - QB","Blackshields","Onslaught","The Steel Fist","","Master of Manoeuvre","2","Armistos",""
"0001 - QB","Raven Guard","Castellan","Pride of the Legion","Militia & Cults","Battlefield Analysis","13","Master of Signals",""
"0001 - QB","Ultramarines","Leviathan","After Isstvan","Emperor's Children","Bloody Handed","10","Warmonger",""
"0001 - QB","Emperor's Children","Castellan","The Unbroken Vow","","Beloved of the People","4","Librarian",""
"0001 - QB","Emperor's Children","Leviathan","","","Dread Rites","4","Primus Medicae",""
"0001 - QB","Solar Auxilia","Crusade","","","Favoured of Mars","13","Legate Commander",""
"0001 - QB","Mechanicum","Crusade","","","Indomitable","7","Magos Dominus",""
"0001 - QB","Mechanicum","matrixOfRuin","Legio Cybernetica","Space Wolves","Perfected Targeting","2","Archmagos Draykavac",""
"0001 - QB","World Eaters","Leviathan","The Awakening Fire","World Eaters","Shattering Bombardment","9","Praetor Tribune",""
"0001 - QB","Questoris Knights","Onslaught","","","Indomitable","3","Archmagos Draykavac",""
"0001 - QB","Sons of Horus","Leviathan","","","Indomitable","14","Mortificator",""
"0001 - QB","Iron Warriors","Castellan","The Hammer of Olympia","","Master Tactician","11","Champion",""
"0001 - QB","Iron Warriors","Castellan","","","Master of Defence","2","Vigilator",""
"0001 - QB","Blood Angels","Castellan","Headhunter Leviathal","White Scars","Favoured of Mars","12","Praevian",""
"0001 - QB","White Scars","Onslaught","Headhunter Leviathal","","Master of Manoeuvre","6","Warmonger",""
"0001 - QB","Imperial Fists","Leviathan","The Coils of the Hydra","","Conqueror of Cities","8","Primus Nullificator",""
"0001 - QB","Imperial Fists","Crusade","Company of Bitter Iron","","Robber Baron","6","Vigilator",""
"0001 - QB","Mechanicum","Castellan","","","Battlefield Analysis","12","Magos Reductor Calleb Decima",""
"0001 - QB","Salamanders","Leviathan","The Covenant of Fire","Mechanicum","Void Walker","14","Moritat",""
"0001 - QB","Raven Guard","Crusade","The Long March","","Lord of the Abyss","2","Armistos",""
"0001 - QB","Questoris Knights","Castellan","","","World Burner","13","Lord Scion",""
"0001 - QB","Shattered Legions","Leviathan","Outcast Sons","Death Guard","Bitter Blood","14","Master of Signals",""
"0001 - QB","Thousand Sons","Onslaught","Sacrificial Offering","Raven Guard","Strategic Genius","4","Siege Breaker",""
"0001 - QB","Death Guard","Crusade","Last of the Serrated Sun","Blood Angels","Inspiring Presence","11","Praetor",""
"0001 - QB","Questoris Knights","Leviathan","","","Favoured of Mars","4","Seneschal",""
"0001 - QB","Thousand Sons","Leviathan","Chymeriae","Death Guard","Inspiring Presence","4","Esoterist",""
"0001 - QB","White Scars","Castellan","","Death Guard","Ruthless Tyrant","12","Praetor Tribune",""
"0001 - QB","Salamanders","Crusade","The Coils of the Hydra","","Siege Master","3","Praevian",""
"0001 - QB","Blackshields","Onslaught","","Raven Guard","Inspiring Presence","11","Warmonger",""
"0001 - QB","Thousand Sons","Leviathan","","White Scars","Immovable Object","13","Praetor Tribune",""
"0001 - QB","Raven Guard","Crusade","3rd Company Elite","","Uncanny Survivor","14","Forge Lord",""
"0001 - QB","Alpha Legion","Leviathan","The Coils of the Hydra","","Master of Defence","9","Warmonger",""
"0001 - QB","Blackshields","Leviathan","","","Master of Mechanisms","7","Master of Signals",""
"0001 - QB","Militia & Cults","Leviathan","","Imperial Fists","Robber Baron","8","Force Commander",""
"0001 - QB","Dark Angels","Onslaught","The Covenant of Fire","","Paladin of Glory","12","Praevian",""
"0001 - QB","World Eaters","Leviathan","","","Favoured of Mars","6","Delegatus",""
"0001 - QB","Solar Auxilia","Leviathan","","","Immovable Object","14","Auxilia Tank Commander",""
"0001 - QB","Sons of Horus","Onslaught","","","Target Priority","1","Librarian",""
"0001 - QB","Dark Angels","Castellan","Sacrificial Offering","Thousand Sons","Night Attacker","3","Master of Signals",""
"0001 - QB","Death Guard","Onslaught","The Unbroken Vow","","Lord of the Abyss","3","Praetor",""
"0001 - QB","Dark Angels","Castellan","The Axis of Dissolution","","Bitter Blood","15","Mortificator",""
"0001 - QB","Night Lords","Leviathan","Vigil Opertii Mission","","Divide to Conquer","13","Moritat",""
"0001 - QB","Emperor's Children","Crusade","Last of the Serrated Sun","","Strategic Genius","9","Primus Medicae",""
"0001 - QB","White Scars","Castellan","The Cross of Bone","Mechanicum","Master of Ambush","2","Warmonger",""
"0001 - QB","Militia & Cults","Castellan","","","Strategic Genius","1","Rogue Psyker Alpha",""
"0001 - QB","Imperial Fists","Castellan","The Swift Blade","Mechanicum","Master of Offence","1","Master of Signals",""
"0001 - QB","Iron Warriors","Castellan","Sagyar Mazan","","Lord of the Abyss","14","Mortificator",""
"0001 - QB","Iron Warriors","Onslaught","Orphans of War","Blood Angels","Siege Master","9","Esoterist",""
"0001 - QB","Space Wolves","Crusade","Pride of the Legion","Solar Auxilia","Glorious Renown","3","Praevian",""
"0001 - QB","Sons of Horus","Castellan","Liberation Force","Solar Auxilia","Master of Mechanisms","6","Armistos",""
"0001 - QB","Thousand Sons","Castellan","","Iron Warriors","Hell Rider","9","Delegatus",""
"0001 - QB","Ultramarines","Leviathan","Liberation Force","Blackshields","Favoured of Mars","6","Herald",""
"0001 - QB","Blood Angels","Leviathan","","","Uncanny Survivor","3","Warmonger",""
"0001 - QB","Dark Angels","Crusade","The Black Reaving","","Divide to Conquer","7","Champion",""
"0001 - QB","Shattered Legions","Crusade","Sacrificial Offering","","Master Tactician","2","Librarian",""
"0001 - QB","Imperial Fists","Castellan","Sagyar Mazan","","Master of Manoeuvre","4","Delegatus",""
"0001 - QB","Thousand Sons","Castellan","Orbital Assault","","Siege Master","12","Herald",""
"0001 - QB","Salamanders","Onslaught","The Crimson Path","","Bloody Handed","2","Primus Nullificator",""
"0001 - QB","Solar Auxilia","Castellan","","","Legendary Fighter","8","Lord Marshal Ireton MaSade",""
"0001 - QB","Emperor's Children","Crusade","","","Tenacity","11","Herald",""
"0001 - QB","White Scars","Onslaught","The Awakening Fire","","Night Attacker","5","Herald",""
"0001 - QB","White Scars","Onslaught","The Long March","Raven Guard","Master of Defence","3","Mortificator",""
"0001 - QB","Questoris Knights","Leviathan","","Space Wolves","Marcher Lord","6","Seneschal",""
"0001 - QB","Iron Hands","Leviathan","","","Master of Mechanisms","2","Primus Nullificator",""
"0001 - QB","Shattered Legions","Leviathan","Orbital Assault","","Puissant Commander","1","Praetor",""
"0001 - QB","Sons of Horus","Castellan","","","Immovable Object","2","Chaplain",""
"0001 - QB","Iron Warriors","Crusade","","Emperor's Children","Battlefield Analysis","8","Forge Lord",""
"0001 - QB","Raven Guard","Leviathan","","Sons of Horus","Siege Master","3","Vigilator",""
"0001 - QB","Blood Angels","Crusade","The Eskaton Imperative","","Intimidating Presence","6","Mortificator",""
"0001 - QB","Mechanicum","Crusade","Legio Cybernetica","Imperial Fists","Indomitable","9","Magos reductor",""
"0001 - QB","Night Lords","Crusade","Horror Cult","Thousand Sons","Merchant Princeling","1","Primus Nullificator",""
"0001 - QB","Raven Guard","Castellan","Ironfire","","Void Walker","14","Forge Lord",""
"0001 - QB","Blood Angels","Leviathan","The Cross of Bone","","Perfected Targeting","5","Siege Breaker",""
"0001 - QB","Questoris Knights","Castellan","","","Bitter Blood","11","Seneschal",""
"0001 - QB","Word Bearers","Leviathan","The Black Reaving","","Legendary Fighter","14","Forge Lord",""
"0001 - QB","Ultramarines","Crusade","","","The Death of Flesh","12","Warmonger",""
"0001 - QB","Word Bearers","Castellan","","","Master of Ambush","7","Mortificator",""
"0001 - QB","Sons of Horus","Castellan","Armoured Breakthrough","","Coordinated Assault","8","Praevian",""
"0001 - QB","Mechanicum","Leviathan","","World Eaters","Robber Baron","13","Archmagos Draykavac",""
"0001 - QB","Raven Guard","Castellan","The Swift Blade","Iron Hands","Immovable Object","14","Vigilator",""
"0001 - QB","Mechanicum","Onslaught","Legio Cybernetica","","Coordinated Assault","4","Magos Reductor Calleb Decima",""
"0001 - QB","Iron Hands","Onslaught","","","World Burner","1","Armistos",""
"0001 - QB","Thousand Sons","Leviathan","Berserker Assault","","Paladin of Glory","7","Delegatus",""
"0001 - QB","Dark Angels","Onslaught","Outcast Sons","Questoris Knights","Child of Terra","3","Esoterist",""
"0001 - QB","Mechanicum","matrixOfRuin","","","Inspiring Presence","2","Archmagos Draykavac",""
"0001 - QB","Imperial Fists","Castellan","The Logos Lectora","","Glorious Renown","10","Primus Nullificator",""
"0001 - QB","Militia & Cults","Crusade","","","The Dust of a Thousand Worlds","8","Rogue Psyker",""
"0001 - QB","Sons of Horus","Leviathan","Brethren of Iron","World Eaters","Master of Manoeuvre","8","Champion",""
"0001 - QB","Iron Warriors","Onslaught","The Dark Brethren","Iron Hands","Immovable Object","8","Moritat",""
"0001 - QB","Death Guard","Leviathan","","White Scars","Siege Master","5","Praevian",""
"0001 - QB","Ultramarines","Castellan","The Storm of War","Questoris Knights","Bloody Handed","11","Champion",""
"0001 - QB","Militia & Cults","Leviathan","","","Bloody Handed","15","Rogue Psyker",""
"0001 - QB","Blackshields","Castellan","","","Master of Defence","9","Champion",""
"0001 - QB","White Scars","Castellan","After Isstvan","","Dread Rites","2","Moritat",""
"0001 - QB","Iron Warriors","Onslaught","The Storm of War","","The Death of Flesh","15","Master of Signals",""
"0001 - QB","Imperial Fists","Crusade","Chogorian Brotherhood","","Master of Manoeuvre","7","Chaplain",""
"0001 - QB","Space Wolves","Castellan","After Isstvan","Sons of Horus","Master of Manoeuvre","7","Champion",""
"0001 - QB","Militia & Cults","Leviathan","","Ultramarines","Marcher Lord","11","Discipline Master",""
"0001 - QB","Dark Angels","Crusade","Vigil Opertii Mission","","Tenacity","14","Forge Lord",""
"0001 - QB","White Scars","Leviathan","","","Glorious Renown","4","Praetor",""
"0001 - QB","Alpha Legion","Crusade","Fury of the Ancients","White Scars","Favoured of Mars","15","Champion",""
"0001 - QB","Shattered Legions","Castellan","The Black Reaving","","Master of Offence","8","Armistos",""
"0001 - QB","Questoris Knights","Crusade","","","Master of Manoeuvre","13","Seneschal",""
"0001 - QB","Solar Auxilia","Crusade","","","Master of Offence","15","Legate Commander",""
"0001 - QB","Death Guard","Castellan","Ironfire","","Master of Defence","12","Praetor Tribune",""
"0001 - QB","World Eaters","Leviathan","Ironwing Protocol","","Void Walker","7","Praetor Tribune",""
"0001 - QB","Word Bearers","Onslaught","Creeping Death","","Divide to Conquer","1","Praetor Tribune",""
"0001 - QB","Death Guard","Crusade","Company of Bitter Iron","","Uncanny Survivor","11","Moritat",""
"0001 - QB","Death Guard","Crusade","Ironwing Protocol","","Robber Baron","10","Champion",""
"0001 - QB","Salamanders","Castellan","The Cross of Bone","","World Burner","15","Forge Lord",""
"0001 - QB","Militia & Cults","Onslaught","","","Void Walker","13","Rogue Psyker",""
"0001 - QB","Blackshields","Castellan","","Shattered Legions","Legendary Fighter","6","Delegatus",""
"0001 - QB","Blood Angels","Castellan","","","Glorious Renown","8","Librarian",""
"0001 - QB","World Eaters","Onslaught","","","Night Attacker","1","Armistos",""
"0001 - QB","Sons of Horus","Crusade","The Steel Fist","","Bitter Blood","11","Moritat",""
"0001 - QB","Raven Guard","Leviathan","Company of Bitter Iron","Death Guard","Shattering Bombardment","5","Mortificator",""
"0001 - QB","Solar Auxilia","Leviathan","","","Intimidating Presence","14","Strategos",""
"0001 - QB","Death Guard","Leviathan","","","World Burner","10","Delegatus",""
"0001 - QB","Iron Hands","Onslaught","The Eskaton Imperative","Thousand Sons","Conqueror of Cities","11","Master of Signals",""
"0001 - QB","Word Bearers","Crusade","","Space Wolves","Master of Defence","12","Siege Breaker",""
"0001 - QB","Iron Warriors","Castellan","The Guard of the Crimson King","","Lord of the Abyss","3","Armistos",""
"0001 - QB","Shattered Legions","Leviathan","The Day of Revelation","","Child of Terra","2","Champion",""
"0001 - QB","Shattered Legions","Onslaught","Brethren of Iron","","Puissant Commander","13","Delegatus",""
"0001 - QB","Iron Hands","Onslaught","After Isstvan","","Ruthless Tyrant","14","Herald",""
"0001 - QB","Word Bearers","Leviathan","Brethren of Iron","","Beloved of the People","5","Armistos",""
"0001 - QB","Death Guard","Leviathan","Ravenwing Protocol","","Bloody Handed","1","Forge Lord",""
"0001 - QB","World Eaters","Leviathan","The Maru Skara","","Uncanny Survivor","11","Champion",""
"0001 - QB","Ultramarines","Leviathan","Horror Cult","","Master of Manoeuvre","8","Praetor",""
"0001 - QB","Emperor's Children","Crusade","Orbital Assault","","Intimidating Presence","7","Esoterist",""
"0001 - QB","Night Lords","Castellan","The Hammer of Olympia","","Siege Master","7","Moritat",""
"0001 - QB","Dark Angels","Leviathan","","","Perfected Targeting","2","Warmonger",""
"0001 - QB","Mechanicum","Onslaught","Legio Cybernetica","","Beloved of the People","10","Anacharis Scoria",""
"0001 - QB","Raven Guard","Crusade","","","Indomitable","8","Chaplain",""
"0001 - QB","Sons of Horus","Onslaught","The Dark Brethren","","Master of Ambush","15","Warmonger",""
"0001 - QB","Thousand Sons","Crusade","","","Blind Barrage","13","Praevian",""
"0001 - QB","Shattered Legions","Crusade","The Day of Revelation","Salamanders","Master of the Vanguard","13","Primus Medicae",""
"0001 - QB","Dark Angels","Crusade","","","Predictive Augury","9","Chaplain",""
"0001 - QB","Militia & Cults","Crusade","","","Target Priority","4","Rogue Psyker Alpha",""
"0001 - QB","Salamanders","Onslaught","","","Connoisseur of Alien Curios","4","Warmonger",""
"0001 - QB","Solar Auxilia","Castellan","","Emperor's Children","Dread Rites","1","Auxilia Tank Commander",""
"0001 - QB","Night Lords","Crusade","The Coils of the Hydra","","Target Priority","10","Siege Breaker",""
"0001 - QB","Blood Angels","Castellan","The Hammer of Olympia","","World Burner","11","Praevian",""
"0001 - QB","Iron Hands","Onslaught","Armoured Spearhead","Dark Angels","Master Tactician","7","Primus Nullificator",""
"0001 - QB","Ultramarines","Castellan","Chogorian Brotherhood","Space Wolves","Legendary Fighter","8","Librarian",""
"0001 - QB","Blackshields","Leviathan","The Coils of the Hydra","","Dread Rites","1","Armistos",""
"0001 - QB","Iron Warriors","Crusade","The Eskaton Imperative","","Bloody Handed","8","Master of Signals",""
"0001 - QB","Shattered Legions","Castellan","Creeping Death","","The Dust of a Thousand Worlds","9","Librarian",""
"0001 - QB","Alpha Legion","Castellan","The Black Reaving","Imperial Fists","Master of Ambush","2","Herald",""
"0001 - QB","Dark Angels","Castellan","","Death Guard","Shattering Bombardment","2","Herald",""
"0001 - QB","Thousand Sons","Leviathan","The Eskaton Imperative","","Immovable Object","2","Praevian",""
"0001 - QB","Solar Auxilia","Castellan","","","Robber Baron","2","Legate Commander",""
"0001 - QB","Shattered Legions","Onslaught","The Hammer of Olympia","","Predictive Augury","12","Centurion",""
"0001 - QB","Salamanders","Castellan","Berserker Assault","Salamanders","Master of Ambush","1","Mortificator",""
"0001 - QB","Night Lords","Castellan","Vigil Opertii Mission","","The Dust of a Thousand Worlds","3","Siege Breaker",""
"0001 - QB","Solar Auxilia","Castellan","","","Dread Rites","15","Lord Marshal",""
"0001 - QB","Raven Guard","Onslaught","Outcast Sons","","Indomitable","15","Centurion",""
"0001 - QB","Word Bearers","Leviathan","","Sons of Horus","Master of the Vanguard","10","Praetor",""
"0001 - QB","Blood Angels","Crusade","","","Master of Mechanisms","8","Armistos",""
"0001 - QB","Sons of Horus","Onslaught","Chymeriae","","Bitter Blood","1","Primus Nullificator",""
"0001 - QB","Iron Hands","Leviathan","","Alpha Legion","Void Master","11","Moritat",""
"0001 - QB","World Eaters","Onslaught","","","Master of Ambush","14","Vigilator",""
"0001 - QB","Salamanders","Castellan","Sky Hunter Phalanx","","Favoured of Mars","12","Herald",""
"0001 - QB","Dark Angels","Crusade","Primarch's Chosen","","Uncanny Survivor","11","Mortificator",""
"0001 - QB","Blood Angels","Onslaught","The Steel Fist","","Master of Mechanisms","1","Moritat",""
"0001 - QB","Questoris Knights","Crusade","","","Master of the Vanguard","13","Archmagos Draykavac",""
"0001 - QB","Night Lords","Crusade","","","Hell Rider","7","Vigilator",""
"0001 - QB","Thousand Sons","Crusade","","","Immovable Object","11","Praevian",""
"0001 - QB","Militia & Cults","Onslaught","","Imperial Fists","Princeps of Deceit","1","Rogue Psyker Alpha",""
"0001 - QB","Death Guard","Castellan","The Dark Brethren","","Ruthless Tyrant","5","Praetor Tribune",""
"0001 - QB","Night Lords","Leviathan","","Shattered Legions","Night Attacker","15","Primus Nullificator",""
"0001 - QB","Militia & Cults","Onslaught","","","Blind Barrage","9","Rogue Psyker",""
"0001 - QB","Raven Guard","Onslaught","","Alpha Legion","Master of Manoeuvre","3","Praevian",""
"0001 - QB","Imperial Fists","Crusade","","","Shattering Bombardment","1","Delegatus",""
"0001 - QB","Alpha Legion","Castellan","","Raven Guard","Battlefield Analysis","14","Primus Nullificator",""
"0001 - QB","Blackshields","Castellan","The Storm of War","","Dread Rites","13","Moritat",""
"0001 - QB","Iron Warriors","Crusade","The Pale Hunters","","Indomitable","5","Librarian",""
"0001 - QB","Blood Angels","Leviathan","Headhunter Leviathal","","Dread Rites","14","Mortificator",""
"0001 - QB","Raven Guard","Onslaught","","","Shattering Bombardment","12","Primus Medicae",""
"0001 - QB","Sons of Horus","Crusade","Fury of the Ancients","","Child of Terra","12","Centurion",""
"0001 - QB","Raven Guard","Castellan","","","Puissant Commander","9","Centurion",""
"0001 - QB","Raven Guard","Leviathan","Ravenwing Protocol","","Void Walker","3","Mortificator",""
"0001 - QB","White Scars","Leviathan","The Seekers Arrow","","Master of Ambush","14","Champion",""
"0001 - QB","Sons of Horus","Onslaught","","","Child of Terra","11","Mortificator",""
"0001 - QB","Mechanicum","Crusade","","","Master of Manoeuvre","6","Archmagos Dominus",""
"0001 - QB","Solar Auxilia","Onslaught","","","Bitter Blood","13","Lord Marshal",""
"0001 - QB","Salamanders","Leviathan","The Storm of War","","Tenacity","9","Praetor Tribune",""
"0001 - QB","Iron Hands","Crusade","The Axis of Dissolution","Militia & Cults","Master of Offence","14","Moritat",""
"0001 - QB","Dark Angels","Leviathan","","","Bitter Blood","6","Forge Lord",""
"0001 - QB","Raven Guard","Onslaught","The Bloodied Claws","","Master of the Vanguard","9","Praevian",""
"0001 - QB","Solar Auxilia","Crusade","","","Uncanny Survivor","13","Lord Marshal",""
"0001 - QB","Space Wolves","Onslaught","3rd Company Elite","","Intimidating Presence","12","Delegatus",""
