"PlayerID","gameID","forceOrg","ROW/Subfaction","alliedFaction","warlordTrait","VPs","warlord","listName"
"ND-0001","Sons of Horus","Onslaught","The Bloodied Gauntlet","","Intimidating Presence","13","Warmonger",""
"XG-0002","Thousand Sons","Onslaught","Terror Assault","","Night Attacker","12","Praetor Tribune",""
"AF-0003","Sons of Horus","Crusade","","","Strategic Genius","9","Praetor Tribune",""
"VR-0004","World Eaters","Crusade","Creeping Death","","Night Attacker","9","Moritat",""
"ZK-0005","Imperial Fists","Crusade","","Dark Angels","Princeps of Deceit","8","Centurion",""
"PX-0006","Death Guard","Castellan","Headhunter Leviathal","","Glorious Renown","7","Herald",""
"BD-0007","Alpha Legion","Castellan","Ravenwing Protocol","White Scars","Favoured of Mars","4","Chaplain",""
"WO-0008","Ultramarines","Castellan","Orbital Assault","","Siege Master","14","Armistos",""
"NY-0009","Imperial Fists","Onslaught","Sagyar Mazan","","Marcher Lord","3","Praevian",""
"LB-0010","Imperial Fists","Castellan","","","Master of Manoeuvre","7","Master of Signals",""
"LX-0011","Emperor's Children","Crusade","Legion Recon Company","","Master of Mechanisms","13","Chaplain",""
"SH-0012","Emperor's Children","Onslaught","Vigil Opertii Mission","","Master of Ambush","6","Chaplain",""
"EY-0013","Militia & Cults","Crusade","","","Master of Offence","4","Rogue Psyker Alpha",""
"XM-0014","Blood Angels","Crusade","Chymeriae","","Paladin of Glory","15","Champion",""
"WR-0015","Death Guard","Leviathan","","","Night Attacker","11","Mortificator",""
"GC-0016","Blood Angels","Onslaught","After Isstvan","","Beloved of the People","2","Armistos",""
"ME-0017","Raven Guard","Leviathan","The Cross of Bone","Iron Warriors","Void Master","2","Moritat",""
"RO-0018","Alpha Legion","Crusade","Headhunter Leviathal","","Siege Master","9","Master of Signals",""
"TH-0019","Militia & Cults","Castellan","","Blackshields","The Dust of a Thousand Worlds","13","Force Commander",""
"TB-0020","World Eaters","Onslaught","The Bloodied Claws","White Scars","Dread Rites","8","Siege Breaker",""
"BP-0021","Ultramarines","Crusade","Orphans of War","","Master Tactician","3","Centurion",""
"DM-0022","Word Bearers","Leviathan","Primarch's Chosen","White Scars","Connoisseur of Alien Curios","13","Librarian",""
"YI-0023","Night Lords","Crusade","After Isstvan","Ultramarines","Master of the Vanguard","15","Siege Breaker",""
"MX-0024","Mechanicum","Onslaught","Ordo Reductor","","Immovable Object","13","Archmagos Draykavac",""
"MF-0025","Solar Auxilia","Castellan","","Iron Warriors","Void Master","6","Lord Marshal Ireton MaSade",""
"RY-0026","Iron Warriors","Castellan","","","Princeps of Deceit","3","Praevian",""
"NK-0027","Alpha Legion","Onslaught","","White Scars","Lord of the Abyss","7","Centurion",""
"YT-0028","Space Wolves","Onslaught","Ironwing Protocol","","Princeps of Deceit","13","Centurion",""
"DS-0029","Space Wolves","Leviathan","","","Master of Defence","2","Forge Lord",""
"GM-0030","Militia & Cults","Castellan","","","Predictive Augury","3","Discipline Master",""
"RC-0031","Salamanders","Crusade","","Dark Angels","Uncanny Survivor","1","Mortificator",""
"MB-0032","Shattered Legions","Leviathan","The Storm of War","","Shattering Bombardment","12","Vigilator",""
"HT-0033","Night Lords","Castellan","The Seekers Arrow","","Lord of the Abyss","8","Warmonger",""
"SM-0034","Alpha Legion","Castellan","The Black Reaving","","Princeps of Deceit","2","Esoterist",""
"JK-0035","Dark Angels","Leviathan","The Bloodied Gauntlet","","Marcher Lord","15","Librarian",""
"XX-0036","Space Wolves","Leviathan","The Seekers Arrow","","Bloody Handed","5","Herald",""
"YW-0037","Solar Auxilia","Leviathan","","","Child of Terra","7","Strategos",""
"JE-0038","Death Guard","Onslaught","","","Beloved of the People","1","Mortificator",""
"ZH-0039","Iron Warriors","Castellan","The Swift Blade","","Perfected Targeting","3","Primus Nullificator",""
"ML-0040","Dark Angels","Castellan","","","Child of Terra","2","Armistos",""
"WD-0041","Ultramarines","Onslaught","","Thousand Sons","Legendary Fighter","9","Praevian",""
"GO-0042","Death Guard","Leviathan","","","Conqueror of Cities","8","Praetor Tribune",""
"BZ-0043","White Scars","Castellan","Fury of the Ancients","","Coordinated Assault","6","Esoterist",""
"PF-0044","Dark Angels","Castellan","After Isstvan","","Child of Terra","12","Chaplain",""
"BE-0045","Shattered Legions","Castellan","","Alpha Legion","Master of Ambush","8","Herald",""
"YJ-0046","Questoris Knights","Onslaught","","","Immovable Object","9","Archmagos Draykavac",""
"HV-0047","Blood Angels","Castellan","The Head of the Gorgon","World Eaters","Predictive Augury","4","Chaplain",""
"FD-0048","Space Wolves","Crusade","Chymeriae","","Master of Ambush","1","Esoterist",""
"LE-0049","Thousand Sons","Castellan","Legion Recon Company","Imperial Fists","Uncanny Survivor","6","Librarian",""
"DO-0050","Questoris Knights","Crusade","","","Divide to Conquer","13","Lord Scion",""
"ND-0051","Militia & Cults","Castellan","","Mechanicum","Dread Rites","10","Force Commander",""
"EI-0052","Questoris Knights","Onslaught","","","Uncanny Survivor","8","Lord Scion",""
"IK-0053","Questoris Knights","Onslaught","","Thousand Sons","Target Priority","11","Lord Scion",""
"DK-0054","Mechanicum","Castellan","","","Void Walker","4","Archmagos Draykavac",""
"TE-0055","Blackshields","Crusade","The Reaping","","Immovable Object","4","Forge Lord",""
"JX-0056","Salamanders","Onslaught","The Awakening Fire","Ultramarines","Battlefield Analysis","7","Delegatus",""
"OV-0057","Emperor's Children","Castellan","","","Master of the Vanguard","1","Delegatus",""
"QT-0058","Thousand Sons","Castellan","Terror Assault","","Lord of the Abyss","5","Warmonger",""
"SC-0059","World Eaters","Leviathan","Zone Mortalis Assault Force","","Glorious Renown","14","Herald",""
"FV-0060","Thousand Sons","Castellan","","","Dread Rites","3","Master of Signals",""
"IV-0061","Thousand Sons","Leviathan","The Reaping","","Hell Rider","11","Chaplain",""
"MP-0062","Alpha Legion","Castellan","Terror Assault","","Strategic Genius","3","Armistos",""
"PI-0063","Raven Guard","Onslaught","","Salamanders","Uncanny Survivor","15","Champion",""
"JM-0064","Thousand Sons","Castellan","Angel's Wrath","","Merchant Princeling","2","Praevian",""
"DE-0065","Blackshields","Crusade","","","Coordinated Assault","2","Chaplain",""
"TU-0066","Salamanders","Crusade","","","Conqueror of Cities","12","Praevian",""
"XB-0067","Raven Guard","Crusade","Zone Mortalis Assault Force","","Perfected Targeting","11","Praevian",""
"ZX-0068","Blackshields","Onslaught","The Stone Gauntlet","","Shattering Bombardment","4","Centurion",""
"GL-0069","Salamanders","Leviathan","","","Marcher Lord","8","Praetor",""
"SY-0070","Mechanicum","Crusade","","Dark Angels","Bloody Handed","10","Magos Reductor",""
"PP-0071","Death Guard","Onslaught","3rd Company Elite","","Marcher Lord","3","Primus Nullificator",""
"LQ-0072","Salamanders","Crusade","Decapitation Strike","","Night Attacker","11","Siege Breaker",""
"ZN-0073","Space Wolves","Crusade","Liberation Force","","Lord of the Abyss","4","Armistos",""
"TX-0074","White Scars","Castellan","Creeping Death","","Inspiring Presence","3","Praetor Tribune",""
"HN-0075","World Eaters","Crusade","Ironwing Protocol","","Paladin of Glory","1","Centurion",""
"UE-0076","Emperor's Children","Castellan","","Salamanders","Beloved of the People","5","Vigilator",""
"ZS-0077","Dark Angels","Leviathan","Terror Assault","","Uncanny Survivor","10","Chaplain",""
"YW-0078","Questoris Knights","Leviathan","","","Indomitable","5","Archmagos Draykavac",""
"GA-0079","Sons of Horus","Castellan","Orphans of Betrayal","","Blind Barrage","2","Forge Lord",""
"UF-0080","Alpha Legion","Onslaught","Company of Bitter Iron","Mechanicum","Dread Rites","4","Primus Medicae",""
"NS-0081","Dark Angels","Castellan","Company of Bitter Iron","","Robber Baron","14","Armistos",""
"HX-0082","Salamanders","Leviathan","Outlanders","","Immovable Object","13","Champion",""
"UP-0083","Space Wolves","Crusade","Fury of the Ancients","","Conqueror of Cities","11","Esoterist",""
"JH-0084","White Scars","Leviathan","","Blackshields","Merchant Princeling","8","Warmonger",""
"SG-0085","Blood Angels","Leviathan","","Space Wolves","Uncanny Survivor","4","Praetor",""
"NN-0086","Night Lords","Onslaught","Liberation Force","","The Death of Flesh","3","Praetor Tribune",""
"LZ-0087","Space Wolves","Onslaught","The Covenant of Fire","","Glorious Renown","4","Moritat",""
"FB-0088","Death Guard","Crusade","Angel's Wrath","","Puissant Commander","11","Esoterist",""
"EG-0089","Death Guard","Castellan","","","Bloody Handed","2","Primus Medicae",""
"YJ-0090","Iron Hands","Castellan","Fury of the Ancients","","Robber Baron","3","Primus Nullificator",""
"YF-0091","Imperial Fists","Castellan","Sacrificial Offering","Emperor's Children","Master of Offence","3","Champion",""
"WP-0092","Alpha Legion","Leviathan","","","Inspiring Presence","2","Warmonger",""
"JE-0093","Militia & Cults","Leviathan","","","Dread Rites","9","Rogue Psyker Alpha",""
"NY-0094","Alpha Legion","Onslaught","","","Merchant Princeling","8","Centurion",""
"KU-0095","World Eaters","Castellan","","","Lord of the Abyss","8","Chaplain",""
"SR-0096","Word Bearers","Onslaught","Vigil Opertii Mission","","Strategic Genius","5","Vigilator",""
"YO-0097","Blackshields","Onslaught","Company of Bitter Iron","","Master Tactician","6","Forge Lord",""
"MW-0098","Solar Auxilia","Onslaught","","","Hell Rider","5","Strategos",""
"PR-0099","Ultramarines","Crusade","","","Divide to Conquer","3","Champion",""
"UZ-0100","Imperial Fists","Onslaught","","","Divide to Conquer","5","Warmonger",""
"WM-0101","Death Guard","Crusade","","","Puissant Commander","12","Armistos",""
"FT-0102","Solar Auxilia","Castellan","","","Marcher Lord","1","Lord Marshal Ireton MaSade",""
"HC-0103","Dark Angels","Castellan","","","Master of Manoeuvre","1","Forge Lord",""
"NG-0104","Thousand Sons","Castellan","","","Master of the Vanguard","10","Esoterist",""
"QY-0105","Militia & Cults","Onslaught","","","Target Priority","13","Rogue Psyker",""
"PC-0106","Alpha Legion","Leviathan","The Awakening Fire","","Coordinated Assault","13","Primus Medicae",""
"MD-0107","Word Bearers","Castellan","Sagyar Mazan","Blackshields","Void Master","8","Praevian",""
"TZ-0108","Militia & Cults","Crusade","","","Lord of the Abyss","13","Rogue Psyker",""
"HF-0109","Word Bearers","Onslaught","The Stone Gauntlet","","Intimidating Presence","1","Praetor",""
"IU-0110","Dark Angels","Leviathan","The Reaping","","Void Walker","2","Praetor",""
"FD-0111","Death Guard","Castellan","Armoured Breakthrough","","Battlefield Analysis","5","Forge Lord",""
"XA-0112","World Eaters","Onslaught","","","Princeps of Deceit","5","Warmonger",""
"EG-0113","Alpha Legion","Crusade","Chymeriae","","Legendary Fighter","11","Siege Breaker",""
"SY-0114","World Eaters","Castellan","The Axis of Dissolution","Dark Angels","Child of Terra","11","Herald",""
"TG-0115","Alpha Legion","Onslaught","The Stone Gauntlet","","Puissant Commander","7","Delegatus",""
"CU-0116","White Scars","Onslaught","Angel's Wrath","","Child of Terra","3","Librarian",""
"QN-0117","Sons of Horus","Leviathan","Armoured Spearhead","","Uncanny Survivor","13","Vigilator",""
"WM-0118","Imperial Fists","Crusade","","","Bitter Blood","12","Siege Breaker",""
"GC-0119","Blood Angels","Castellan","The Steel Fist","Imperial Fists","The Death of Flesh","12","Moritat",""
"XK-0120","Militia & Cults","Onslaught","","","Master of Manoeuvre","3","Platoon Commander",""
"MC-0121","Night Lords","Onslaught","Ravenwing Protocol","","Uncanny Survivor","1","Master of Signals",""
"TW-0122","Ultramarines","Leviathan","","Blackshields","Dread Rites","9","Chaplain",""
"LT-0123","Militia & Cults","Leviathan","","","Master of Mechanisms","8","Rogue Psyker Alpha",""
"GQ-0124","Space Wolves","Onslaught","","","Favoured of Mars","1","Primus Medicae",""
"TY-0125","Thousand Sons","Leviathan","The Bloodied Claws","","Target Priority","11","Praetor",""
"FB-0126","Questoris Knights","Onslaught","","","Marcher Lord","4","Archmagos Draykavac",""
"TM-0127","Space Wolves","Crusade","The Day of Revelation","","Puissant Commander","14","Moritat",""
"DX-0128","Ultramarines","Leviathan","","Iron Warriors","Master of Offence","6","Delegatus",""
"YN-0129","Mechanicum","Crusade","Legio Cybernetica","","Legendary Fighter","11","Secutarii Axiarch",""
"OH-0130","Thousand Sons","Onslaught","The Day of Revelation","","Master of Offence","1","Praetor",""
"DT-0131","Emperor's Children","Leviathan","","Night Lords","Legendary Fighter","5","Praevian",""
"NX-0132","Blood Angels","Leviathan","","","Marcher Lord","3","Primus Medicae",""
"LZ-0133","Solar Auxilia","Onslaught","","","Siege Master","9","Auxilia Tank Commander",""
"UZ-0134","Blood Angels","Castellan","The Long March","","Divide to Conquer","2","Praevian",""
"FW-0135","Shattered Legions","Onslaught","Outcast Sons","","Shattering Bombardment","7","Delegatus",""
"YR-0136","Iron Warriors","Leviathan","","","Merchant Princeling","9","Praetor Tribune",""
"EF-0137","Space Wolves","Castellan","Orphans of Betrayal","","Conqueror of Cities","3","Praetor Tribune",""
"UV-0138","Solar Auxilia","Crusade","","","Coordinated Assault","10","Legate Commander",""
"NZ-0139","Death Guard","Onslaught","Fury of the Ancients","Questoris Knights","Battlefield Analysis","14","Primus Medicae",""
"MI-0140","Night Lords","Crusade","The Dark Brethren","Militia & Cults","Hell Rider","13","Mortificator",""
"VV-0141","Blood Angels","Leviathan","The Unbroken Vow","","Tenacity","5","Librarian",""
"HG-0142","Blood Angels","Castellan","The Seekers Arrow","","Beloved of the People","9","Warmonger",""
"SK-0143","White Scars","Crusade","Pride of the Legion","","Puissant Commander","3","Herald",""
"YR-0144","Blood Angels","Leviathan","3rd Company Elite","","Favoured of Mars","8","Siege Breaker",""
"YG-0145","Questoris Knights","Castellan","","","Dread Rites","13","Lord Scion",""
"VM-0146","Solar Auxilia","Leviathan","","","Inspiring Presence","15","Lord Marshal",""
"PR-0147","Militia & Cults","Leviathan","","","Coordinated Assault","9","Rogue Psyker Alpha",""
"IQ-0148","Militia & Cults","Crusade","","","Tenacity","3","Force Commander",""
"DO-0149","Ultramarines","Crusade","Orphans of War","","Uncanny Survivor","4","Forge Lord",""
"NH-0150","Sons of Horus","Castellan","Fury of the Ancients","","Puissant Commander","3","Praetor Tribune",""
"JG-0151","Blackshields","Leviathan","","","Hell Rider","8","Vigilator",""
"QP-0152","Thousand Sons","Crusade","The Long March","","World Burner","10","Armistos",""
"UP-0153","White Scars","Onslaught","","Death Guard","Divide to Conquer","11","Praetor",""
"VA-0154","Sons of Horus","Castellan","Hunter-Killer Mission","","Dread Rites","1","Moritat",""
"IB-0155","Militia & Cults","Leviathan","","","Glorious Renown","5","Platoon Commander",""
"NG-0156","Iron Warriors","Leviathan","","Shattered Legions","Ruthless Tyrant","11","Warmonger",""
"ZC-0157","Imperial Fists","Onslaught","","","Shattering Bombardment","2","Esoterist",""
"WZ-0158","Mechanicum","Leviathan","Ordo Reductor","","Indomitable","15","Anacharis Scoria",""
"WA-0159","Iron Warriors","Crusade","Brethren of Iron","","Divide to Conquer","7","Armistos",""
"KR-0160","Shattered Legions","Castellan","Ironwing Protocol","","Princeps of Deceit","11","Master of Signals",""
"DZ-0161","Sons of Horus","Castellan","Chymeriae","","Dread Rites","2","Herald",""
"YQ-0162","Raven Guard","Crusade","Angel's Wrath","","Connoisseur of Alien Curios","5","Champion",""
"FD-0163","Iron Hands","Leviathan","The Logos Lectora","","Target Priority","5","Librarian",""
"ET-0164","Questoris Knights","Castellan","","","Master of Defence","10","Lord Scion",""
"CZ-0165","Alpha Legion","Crusade","The Cross of Bone","Blood Angels","Strategic Genius","4","Praetor Tribune",""
"QF-0166","Questoris Knights","Castellan","","Imperial Fists","Paladin of Glory","10","Seneschal",""
"PR-0167","Dark Angels","Castellan","Liberation Force","","Lord of the Abyss","7","Primus Medicae",""
"YF-0168","Salamanders","Leviathan","The Seekers Arrow","","Robber Baron","1","Siege Breaker",""
"BF-0169","World Eaters","Onslaught","","Raven Guard","Predictive Augury","13","Praetor",""
"DH-0170","World Eaters","Crusade","The Head of the Gorgon","","Master of Ambush","11","Primus Medicae",""
"CV-0171","Salamanders","Castellan","","","Master of the Vanguard","6","Champion",""
"FP-0172","Ultramarines","Crusade","The Stone Gauntlet","Alpha Legion","Void Master","2","Siege Breaker",""
"BL-0173","Space Wolves","Crusade","Chymeriae","","Master of Offence","3","Forge Lord",""
"CA-0174","Shattered Legions","Castellan","Zone Mortalis Assault Force","","Child of Terra","11","Centurion",""
"FF-0175","Night Lords","Onslaught","Zone Mortalis Assault Force","","Immovable Object","11","Primus Nullificator",""
"IM-0176","Raven Guard","Onslaught","Orphans of Betrayal","","Bloody Handed","8","Forge Lord",""
"TR-0177","White Scars","Leviathan","The Pale Hunters","","Ruthless Tyrant","6","Forge Lord",""
"KR-0178","Raven Guard","Onslaught","","Militia & Cults","Dread Rites","6","Primus Nullificator",""
"DN-0179","Solar Auxilia","Leviathan","","","Conqueror of Cities","13","Auxilia Tank Commander",""
"EU-0180","Raven Guard","Onslaught","","","Predictive Augury","3","Delegatus",""
"JE-0181","Dark Angels","Onslaught","After Isstvan","","Coordinated Assault","6","Master of Signals",""
"VL-0182","Space Wolves","Castellan","The Long March","","Target Priority","10","Champion",""
"AI-0183","Raven Guard","Onslaught","The Day of Revelation","","Master of Manoeuvre","6","Siege Breaker",""
"PY-0184","Iron Warriors","Onslaught","The Storm of War","Blackshields","Master of Ambush","10","Moritat",""
"ZG-0185","Mechanicum","Castellan","Ordo Reductor","","Night Attacker","6","Magos Dominus",""
"ZC-0186","Thousand Sons","Onslaught","Armoured Spearhead","Word Bearers","Glorious Renown","10","Primus Medicae",""
"EJ-0187","Salamanders","Crusade","Orphans of Betrayal","","Indomitable","3","Librarian",""
"RR-0188","Blackshields","Leviathan","After Isstvan","","Beloved of the People","9","Praevian",""
"OM-0189","Solar Auxilia","Castellan","","","The Dust of a Thousand Worlds","9","Strategos",""
"HP-0190","Militia & Cults","Onslaught","","","Intimidating Presence","6","Platoon Commander",""
"HZ-0191","Emperor's Children","Castellan","","","Perfected Targeting","8","Mortificator",""
"XZ-0192","Imperial Fists","Castellan","The Head of the Gorgon","","Intimidating Presence","9","Forge Lord",""
"HM-0193","Shattered Legions","Onslaught","The Hammer of Olympia","Space Wolves","Master of the Vanguard","1","Chaplain",""
"TO-0194","Ultramarines","Crusade","","","Puissant Commander","12","Praetor Tribune",""
"SN-0195","Death Guard","Castellan","","Space Wolves","Master of Offence","10","Praetor Tribune",""
"EB-0196","Sons of Horus","Onslaught","Last of the Serrated Sun","","Conqueror of Cities","4","Armistos",""
"AQ-0197","Death Guard","Leviathan","The Hammer of Olympia","","Uncanny Survivor","1","Mortificator",""
"BN-0198","Iron Warriors","Crusade","After Isstvan","","Legendary Fighter","11","Esoterist",""
"KG-0199","Night Lords","Castellan","The Coils of the Hydra","","Strategic Genius","6","Praetor Tribune",""
"CI-0200","Word Bearers","Onslaught","Last of the Serrated Sun","","Target Priority","5","Primus Nullificator",""
"QU-0201","Thousand Sons","Leviathan","","","Ruthless Tyrant","9","Vigilator",""
"TN-0202","Blackshields","Onslaught","Company of Bitter Iron","Iron Hands","Connoisseur of Alien Curios","10","Praetor Tribune",""
"EI-0203","World Eaters","Crusade","","","Master of Manoeuvre","1","Forge Lord",""
"OI-0204","Night Lords","Leviathan","Outcast Sons","Blood Angels","Indomitable","2","Primus Nullificator",""
"QP-0205","Imperial Fists","Leviathan","","","Night Attacker","6","Mortificator",""
"CP-0206","Iron Warriors","Leviathan","","Blood Angels","Bitter Blood","11","Praetor",""
"SV-0207","Iron Hands","Castellan","Headhunter Leviathal","Space Wolves","Favoured of Mars","9","Delegatus",""
"QF-0208","Raven Guard","Onslaught","","","Merchant Princeling","3","Librarian",""
"VZ-0209","Dark Angels","Crusade","","","The Dust of a Thousand Worlds","5","Primus Medicae",""
"FM-0210","World Eaters","Castellan","Death Seekers","Sons of Horus","Master of Manoeuvre","13","Mortificator",""
"QQ-0211","Shattered Legions","Castellan","The Swift Blade","","Favoured of Mars","4","Primus Nullificator",""
"SB-0212","Salamanders","Castellan","","Dark Angels","Divide to Conquer","12","Primus Medicae",""
"QW-0213","Solar Auxilia","Castellan","","","Dread Rites","14","Lord Marshal Ireton MaSade",""
"JN-0214","Blood Angels","Crusade","","","Beloved of the People","9","Esoterist",""
"NO-0215","Questoris Knights","Onslaught","","White Scars","World Burner","2","Archmagos Draykavac",""
"ZO-0216","Solar Auxilia","Onslaught","","","Glorious Renown","14","Legate Commander",""
"IP-0217","Solar Auxilia","Leviathan","","Word Bearers","Void Walker","3","Auxilia Tank Commander",""
"DV-0218","Mechanicum","matrixOfRuin","Ordo Reductor","Sons of Horus","Void Walker","3","Magos Reductor",""
"CL-0219","Emperor's Children","Onslaught","","Alpha Legion","Master of Offence","3","Delegatus",""
"LP-0220","Salamanders","Castellan","Armoured Spearhead","","Indomitable","11","Librarian",""
"DK-0221","Space Wolves","Onslaught","Chogorian Brotherhood","","Bloody Handed","11","Armistos",""
"VC-0222","Thousand Sons","Crusade","Sky Hunter Phalanx","","Void Walker","4","Centurion",""
"EB-0223","Shattered Legions","Leviathan","","","Void Master","4","Champion",""
"XI-0224","Night Lords","Castellan","Ironwing Protocol","","Master of Manoeuvre","6","Master of Signals",""
"PR-0225","Shattered Legions","Leviathan","The Storm of War","","Beloved of the People","8","Master of Signals",""
"SK-0226","Shattered Legions","Leviathan","Last of the Serrated Sun","","Battlefield Analysis","11","Mortificator",""
"BU-0227","Iron Warriors","Castellan","","Space Wolves","Ruthless Tyrant","15","Mortificator",""
"IS-0228","White Scars","Onslaught","The Black Reaving","","Predictive Augury","10","Vigilator",""
"JJ-0229","Thousand Sons","Crusade","The Storm of War","Iron Hands","Princeps of Deceit","8","Primus Medicae",""
"ZR-0230","Space Wolves","Leviathan","The Reaping","","Paladin of Glory","15","Forge Lord",""
"GQ-0231","Sons of Horus","Castellan","","","Legendary Fighter","6","Armistos",""
"XJ-0232","Alpha Legion","Leviathan","The Cross of Bone","Ultramarines","Master of the Vanguard","15","Chaplain",""
"LW-0233","Raven Guard","Castellan","Death Seekers","","Master of Offence","9","Esoterist",""
"LG-0234","Salamanders","Crusade","","","Hell Rider","14","Vigilator",""
"UV-0235","Questoris Knights","Castellan","","","Robber Baron","7","Archmagos Draykavac",""
"HU-0236","Mechanicum","matrixOfRuin","","Imperial Fists","Indomitable","1","Archmagos Inar Satarael",""
"XO-0237","White Scars","Onslaught","The Unbroken Vow","","Master of Defence","5","Esoterist",""
"NF-0238","Blood Angels","Leviathan","Ravenwing Protocol","","Uncanny Survivor","6","Forge Lord",""
"YV-0239","Raven Guard","Onslaught","","Shattered Legions","Shattering Bombardment","15","Praetor Tribune",""
"AZ-0240","White Scars","Leviathan","","","Coordinated Assault","8","Master of Signals",""
"OJ-0241","Shattered Legions","Castellan","","","Glorious Renown","14","Warmonger",""
"QK-0242","Sons of Horus","Castellan","The Unbroken Vow","","Perfected Targeting","8","Chaplain",""
"ZB-0243","Emperor's Children","Castellan","The Axis of Dissolution","","Siege Master","13","Primus Nullificator",""
"NV-0244","Alpha Legion","Crusade","The Coils of the Hydra","","Master of Manoeuvre","2","Herald",""
"LQ-0245","Ultramarines","Leviathan","The Reaping","","The Death of Flesh","14","Forge Lord",""
"RZ-0246","Dark Angels","Castellan","The Reaping","","Paladin of Glory","4","Praetor",""
"GB-0247","Word Bearers","Crusade","","","Blind Barrage","13","Praevian",""
"MT-0248","Iron Warriors","Crusade","","Shattered Legions","Conqueror of Cities","5","Vigilator",""
"KJ-0249","Thousand Sons","Onslaught","","","Favoured of Mars","4","Warmonger",""
"AT-0250","World Eaters","Castellan","The Stone Gauntlet","","Beloved of the People","2","Librarian",""
"XC-0251","Ultramarines","Leviathan","","Blackshields","Hell Rider","4","Chaplain",""
"EJ-0252","Questoris Knights","Leviathan","","","Master of Ambush","1","Archmagos Draykavac",""
"CH-0253","Blackshields","Onslaught","","","Bloody Handed","10","Warmonger",""
"JF-0254","Blackshields","Castellan","The Unbroken Vow","Blackshields","Bitter Blood","11","Chaplain",""
"CN-0255","Word Bearers","Castellan","The Dark Brethren","","Coordinated Assault","5","Armistos",""
"WR-0256","Space Wolves","Onslaught","","","Master of Mechanisms","9","Primus Nullificator",""
"XO-0257","Word Bearers","Castellan","Sagyar Mazan","","Glorious Renown","12","Forge Lord",""
"BZ-0258","World Eaters","Onslaught","Death Seekers","","Favoured of Mars","2","Primus Nullificator",""
"VI-0259","Thousand Sons","Crusade","","Salamanders","Hell Rider","13","Praetor",""
"WT-0260","Imperial Fists","Castellan","The Awakening Fire","","Predictive Augury","12","Siege Breaker",""
"DV-0261","Word Bearers","Leviathan","","Dark Angels","Divide to Conquer","3","Primus Medicae",""
"JW-0262","Militia & Cults","Castellan","","","Predictive Augury","4","Platoon Commander",""
"LK-0263","Solar Auxilia","Crusade","","","Battlefield Analysis","15","Strategos",""
"DR-0264","Imperial Fists","Onslaught","Drop Assault Vanguard","","Shattering Bombardment","12","Forge Lord",""
"PJ-0265","Imperial Fists","Crusade","","","Child of Terra","4","Praetor",""
"RK-0266","Death Guard","Leviathan","Sagyar Mazan","Mechanicum","Inspiring Presence","14","Centurion",""
"PJ-0267","Emperor's Children","Onslaught","Ironwing Protocol","","The Dust of a Thousand Worlds","7","Librarian",""
"MT-0268","Shattered Legions","Crusade","Outcast Sons","","The Death of Flesh","11","Centurion",""
"KK-0269","Dark Angels","Onslaught","Company of Bitter Iron","","Target Priority","9","Master of Signals",""
"JV-0270","World Eaters","Leviathan","","","Void Walker","4","Primus Nullificator",""
"DS-0271","Blackshields","Onslaught","Brethren of Iron","","Intimidating Presence","7","Praevian",""
"SE-0272","Blackshields","Onslaught","Drop Assault Vanguard","Blackshields","Master of Mechanisms","5","Librarian",""
"QQ-0273","Raven Guard","Castellan","","","Paladin of Glory","13","Chaplain",""
"DP-0274","Shattered Legions","Castellan","3rd Company Elite","","Immovable Object","15","Praevian",""
"GL-0275","White Scars","Castellan","","","Legendary Fighter","1","Librarian",""
"RU-0276","Questoris Knights","Leviathan","","Ultramarines","Merchant Princeling","9","Lord Scion",""
"AE-0277","Mechanicum","Leviathan","Ordo Reductor","","Divide to Conquer","3","Magos reductor",""
"AH-0278","Blood Angels","Onslaught","Headhunter Leviathal","","Night Attacker","9","Chaplain",""
"ZT-0279","Sons of Horus","Castellan","","","Shattering Bombardment","4","Praevian",""
"XC-0280","Ultramarines","Castellan","","Ultramarines","World Burner","15","Moritat",""
"JS-0281","Militia & Cults","Castellan","","","Ruthless Tyrant","6","Force Commander",""
"PN-0282","Mechanicum","Leviathan","Legio Cybernetica","","Intimidating Presence","12","Magos Dominus",""
"FS-0283","Blood Angels","Crusade","The Bloodied Claws","Salamanders","Predictive Augury","11","Delegatus",""
"YU-0284","World Eaters","Crusade","The Covenant of Fire","","Lord of the Abyss","15","Praetor Tribune",""
"TN-0285","Iron Warriors","Crusade","Last of the Serrated Sun","","Master Tactician","15","Centurion",""
"UK-0286","Word Bearers","Onslaught","The Cross of Bone","","Ruthless Tyrant","6","Forge Lord",""
"KJ-0287","Solar Auxilia","Castellan","","","Inspiring Presence","1","Lord Marshal Ireton MaSade",""
"XO-0288","Raven Guard","Crusade","Chymeriae","Salamanders","Master of Ambush","7","Delegatus",""
"YT-0289","Night Lords","Crusade","","","Connoisseur of Alien Curios","9","Praetor Tribune",""
"DF-0290","Sons of Horus","Leviathan","The Bloodied Claws","","Puissant Commander","11","Praetor",""
"TM-0291","Salamanders","Leviathan","","Alpha Legion","Bitter Blood","4","Master of Signals",""
"MA-0292","Alpha Legion","Castellan","","","Connoisseur of Alien Curios","13","Vigilator",""
"IB-0293","Blood Angels","Castellan","","","Bitter Blood","6","Herald",""
"BU-0294","Ultramarines","Leviathan","Vigil Opertii Mission","","Inspiring Presence","15","Esoterist",""
"MG-0295","Salamanders","Castellan","","","Conqueror of Cities","1","Master of Signals",""
"ZN-0296","Blackshields","Castellan","Vigil Opertii Mission","Solar Auxilia","Intimidating Presence","8","Champion",""
"UG-0297","Space Wolves","Leviathan","","Salamanders","Child of Terra","9","Mortificator",""
"XQ-0298","Word Bearers","Castellan","","","Dread Rites","7","Delegatus",""
"SJ-0299","Mechanicum","Leviathan","","","World Burner","6","Archmagos Draykavac",""
"FY-0300","Solar Auxilia","Leviathan","","","Night Attacker","4","Strategos",""
"FJ-0301","Salamanders","Leviathan","","Blackshields","Night Attacker","14","Praevian",""
"QO-0302","Emperor's Children","Onslaught","","Militia & Cults","The Death of Flesh","6","Siege Breaker",""
"KO-0303","Militia & Cults","Castellan","","Iron Warriors","Marcher Lord","3","Rogue Psyker",""
"RG-0304","Mechanicum","Crusade","Legio Cybernetica","Iron Warriors","Strategic Genius","1","Archmagos Inar Satarael",""
"ZW-0305","Shattered Legions","Crusade","","","Bitter Blood","5","Warmonger",""
"PS-0306","Thousand Sons","Onslaught","","","Night Attacker","2","Praetor",""
"MO-0307","Salamanders","Crusade","","","Merchant Princeling","2","Esoterist",""
"YL-0308","Night Lords","Leviathan","Angel's Wrath","","Bitter Blood","4","Champion",""
"VT-0309","World Eaters","Leviathan","Zone Mortalis Assault Force","","Master of Mechanisms","10","Mortificator",""
"ZD-0310","Night Lords","Onslaught","","","Shattering Bombardment","15","Herald",""
"FE-0311","Dark Angels","Leviathan","The Covenant of Fire","","Intimidating Presence","6","Warmonger",""
"DO-0312","Ultramarines","Leviathan","Headhunter Leviathal","","Puissant Commander","2","Delegatus",""
"KJ-0313","Alpha Legion","Crusade","Chogorian Brotherhood","","Uncanny Survivor","12","Warmonger",""
"LT-0314","White Scars","Leviathan","","","Dread Rites","6","Moritat",""
"QM-0315","Shattered Legions","Onslaught","Last of the Serrated Sun","Death Guard","Battlefield Analysis","7","Warmonger",""
"HJ-0316","Space Wolves","Leviathan","Sagyar Mazan","","Conqueror of Cities","1","Primus Nullificator",""
"NY-0317","Blackshields","Onslaught","Vigil Opertii Mission","","Shattering Bombardment","11","Primus Nullificator",""
"NY-0318","Thousand Sons","Crusade","","","Master of Ambush","3","Moritat",""
"XO-0319","Shattered Legions","Castellan","","","Perfected Targeting","1","Herald",""
"QL-0320","Iron Hands","Castellan","Horror Cult","","Dread Rites","1","Warmonger",""
"EX-0321","World Eaters","Crusade","Orbital Assault","","The Dust of a Thousand Worlds","12","Praevian",""
"LN-0322","Space Wolves","Castellan","The Head of the Gorgon","Shattered Legions","Strategic Genius","12","Praetor",""
"SQ-0323","Questoris Knights","Onslaught","","","Master of Ambush","7","Archmagos Draykavac",""
"GT-0324","Alpha Legion","Castellan","Sky Hunter Phalanx","","Paladin of Glory","3","Esoterist",""
"SB-0325","Shattered Legions","Crusade","","","The Death of Flesh","2","Forge Lord",""
"JB-0326","Shattered Legions","Leviathan","Legion Recon Company","","Coordinated Assault","1","Esoterist",""
"CW-0327","Thousand Sons","Onslaught","","Blackshields","Robber Baron","2","Warmonger",""
"NO-0328","Word Bearers","Leviathan","","","Merchant Princeling","9","Esoterist",""
"DV-0329","Mechanicum","Castellan","","","Hell Rider","9","Secutarii Axiarch",""
"KB-0330","Blood Angels","Leviathan","The Black Reaving","","Dread Rites","10","Praetor Tribune",""
"BG-0331","Blackshields","Onslaught","The Axis of Dissolution","","Master of the Vanguard","14","Siege Breaker",""
"YM-0332","Iron Warriors","Onslaught","Liberation Force","","Uncanny Survivor","10","Forge Lord",""
"UW-0333","Alpha Legion","Leviathan","","","World Burner","1","Delegatus",""
"NZ-0334","Thousand Sons","Onslaught","Primarch's Chosen","","Marcher Lord","1","Mortificator",""
"HI-0335","Iron Hands","Onslaught","Sky Hunter Phalanx","","Tenacity","14","Centurion",""
"LZ-0336","Solar Auxilia","Castellan","","Mechanicum","Bloody Handed","5","Lord Marshal Ireton MaSade",""
"QO-0337","Militia & Cults","Onslaught","","","Siege Master","11","Rogue Psyker Alpha",""
"FK-0338","Imperial Fists","Onslaught","","","Master of the Vanguard","10","Chaplain",""
"KX-0339","Iron Warriors","Onslaught","","","Paladin of Glory","4","Armistos",""
"RS-0340","Death Guard","Crusade","","","Uncanny Survivor","10","Praetor Tribune",""
"IJ-0341","Imperial Fists","Leviathan","","","Lord of the Abyss","10","Siege Breaker",""
"AG-0342","Thousand Sons","Leviathan","","","Master Tactician","6","Champion",""
"YM-0343","Dark Angels","Crusade","","","Divide to Conquer","14","Warmonger",""
"QB-0344","Salamanders","Leviathan","","","Marcher Lord","2","Delegatus",""
"XF-0345","Iron Warriors","Castellan","The Stone Gauntlet","","Bitter Blood","3","Moritat",""
"JU-0346","Raven Guard","Crusade","The Serpent's Bane","","Immovable Object","12","Moritat",""
"GT-0347","Death Guard","Leviathan","","","Blind Barrage","12","Herald",""
"ED-0348","Blackshields","Leviathan","The Hammer of Olympia","","Target Priority","11","Praetor Tribune",""
"CP-0349","Alpha Legion","Leviathan","The Head of the Gorgon","","Princeps of Deceit","14","Primus Medicae",""
"QM-0350","Thousand Sons","Leviathan","","","Child of Terra","13","Armistos",""
"FD-0351","Blood Angels","Castellan","Horror Cult","","Divide to Conquer","2","Chaplain",""
"PB-0352","Salamanders","Onslaught","Armoured Spearhead","","Blind Barrage","5","Primus Medicae",""
"BO-0353","Iron Hands","Onslaught","The Cross of Bone","Death Guard","Immovable Object","4","Champion",""
"ZS-0354","Space Wolves","Castellan","Headhunter Leviathal","","Immovable Object","10","Armistos",""
"MN-0355","Thousand Sons","Crusade","The Covenant of Fire","","Robber Baron","3","Librarian",""
"WX-0356","Alpha Legion","Crusade","Armoured Spearhead","","Siege Master","8","Vigilator",""
"QT-0357","World Eaters","Crusade","Brethren of Iron","","Beloved of the People","4","Herald",""
"RM-0358","Sons of Horus","Onslaught","Brethren of Iron","","Shattering Bombardment","10","Siege Breaker",""
"ID-0359","Imperial Fists","Onslaught","Hammerfell Strike Force","","Marcher Lord","8","Moritat",""
"ED-0360","Night Lords","Onslaught","The Guard of the Crimson King","","Siege Master","14","Praetor Tribune",""
"ND-0361","Shattered Legions","Crusade","","","Bitter Blood","15","Vigilator",""
"GF-0362","Emperor's Children","Leviathan","Terror Assault","","Master of Ambush","3","Delegatus",""
"YF-0363","Alpha Legion","Crusade","Creeping Death","","Master of Ambush","9","Siege Breaker",""
"WQ-0364","Thousand Sons","Leviathan","Brethren of Iron","Death Guard","Siege Master","4","Praetor",""
"XJ-0365","Death Guard","Crusade","","","Void Walker","10","Champion",""
"JE-0366","World Eaters","Crusade","","","Battlefield Analysis","6","Esoterist",""
"FK-0367","Questoris Knights","Crusade","","","Predictive Augury","11","Lord Scion",""
"PZ-0368","White Scars","Castellan","The Coils of the Hydra","","Master of Manoeuvre","10","Master of Signals",""
"GX-0369","Emperor's Children","Crusade","Last of the Serrated Sun","","Perfected Targeting","7","Esoterist",""
"OT-0370","Dark Angels","Leviathan","","","Uncanny Survivor","6","Primus Nullificator",""
"EO-0371","Blackshields","Leviathan","","","Indomitable","7","Forge Lord",""
"OC-0372","Salamanders","Onslaught","After Isstvan","Thousand Sons","Void Walker","15","Primus Medicae",""
"SA-0373","Iron Hands","Leviathan","Outcast Sons","Shattered Legions","World Burner","5","Moritat",""
"DE-0374","Blood Angels","Castellan","","","Predictive Augury","5","Chaplain",""
"US-0375","White Scars","Onslaught","","","Master of Ambush","14","Primus Nullificator",""
"XP-0376","Alpha Legion","Castellan","","Salamanders","Battlefield Analysis","6","Herald",""
"WJ-0377","Imperial Fists","Castellan","Last of the Serrated Sun","","Hell Rider","15","Armistos",""
"GM-0378","Sons of Horus","Castellan","Orbital Assault","","Glorious Renown","9","Armistos",""
"JA-0379","World Eaters","Onslaught","Fury of the Ancients","","The Dust of a Thousand Worlds","11","Herald",""
"ES-0380","Shattered Legions","Leviathan","Horror Cult","","Predictive Augury","9","Vigilator",""
"BR-0381","Shattered Legions","Crusade","","","Master of Offence","11","Centurion",""
"FL-0382","Death Guard","Crusade","","Sons of Horus","Divide to Conquer","8","Champion",""
"QP-0383","Death Guard","Crusade","Zone Mortalis Assault Force","","Blind Barrage","4","Moritat",""
"FV-0384","Sons of Horus","Crusade","Ironwing Protocol","Emperor's Children","Target Priority","7","Master of Signals",""
"SZ-0385","World Eaters","Castellan","","White Scars","Master of the Vanguard","10","Warmonger",""
"KP-0386","Alpha Legion","Onslaught","The Crimson Path","Blackshields","Connoisseur of Alien Curios","4","Forge Lord",""
"EY-0387","Raven Guard","Crusade","","","Indomitable","11","Armistos",""
"RE-0388","Blood Angels","Crusade","","Alpha Legion","Siege Master","8","Armistos",""
"EW-0389","Mechanicum","Castellan","","Thousand Sons","The Death of Flesh","4","Archmagos Dominus",""
"DN-0390","Blood Angels","Crusade","","","Siege Master","3","Praetor",""
"EW-0391","Sons of Horus","Leviathan","Liberation Force","","Siege Master","4","Delegatus",""
"WI-0392","Raven Guard","Leviathan","Death Seekers","","Beloved of the People","1","Esoterist",""
"PO-0393","Sons of Horus","Onslaught","Terror Assault","","Glorious Renown","4","Primus Nullificator",""
"GP-0394","Iron Warriors","Crusade","","","Ruthless Tyrant","10","Chaplain",""
"WH-0395","Dark Angels","Leviathan","","","Bitter Blood","10","Moritat",""
"TL-0396","Salamanders","Onslaught","Terror Assault","","Legendary Fighter","10","Herald",""
"IV-0397","Night Lords","Crusade","Death Seekers","","Indomitable","9","Primus Medicae",""
"ZQ-0398","Word Bearers","Castellan","","","Immovable Object","8","Siege Breaker",""
"YZ-0399","Night Lords","Castellan","","","Puissant Commander","4","Chaplain",""
"JU-0400","Death Guard","Crusade","Armoured Spearhead","","Favoured of Mars","5","Centurion",""
"LF-0401","Blood Angels","Castellan","","","Beloved of the People","1","Praevian",""
"MF-0402","Sons of Horus","Onslaught","","","Battlefield Analysis","10","Centurion",""
"EK-0403","Salamanders","Crusade","","","World Burner","1","Armistos",""
"EY-0404","Word Bearers","Crusade","","","Puissant Commander","8","Centurion",""
"LD-0405","Ultramarines","Castellan","Ravenwing Protocol","","Battlefield Analysis","10","Centurion",""
"FL-0406","Blood Angels","Leviathan","The Bloodied Gauntlet","","Siege Master","6","Armistos",""
"LG-0407","Mechanicum","Crusade","Ordo Reductor","","Master of Manoeuvre","13","Archmagos Inar Satarael",""
"WV-0408","Shattered Legions","Castellan","The Pale Hunters","","Puissant Commander","9","Champion",""
"JZ-0409","White Scars","Onslaught","","","Legendary Fighter","5","Primus Medicae",""
"FI-0410","Militia & Cults","Onslaught","","","Immovable Object","6","Rogue Psyker Alpha",""
"NA-0411","World Eaters","Crusade","","","Paladin of Glory","10","Champion",""
"GX-0412","Space Wolves","Leviathan","The Seekers Arrow","","Puissant Commander","13","Primus Medicae",""
"OW-0413","World Eaters","Leviathan","","","Merchant Princeling","10","Primus Nullificator",""
"DD-0414","Questoris Knights","Castellan","","","Divide to Conquer","8","Lord Scion",""
"XL-0415","Space Wolves","Crusade","Ravenwing Protocol","","Merchant Princeling","10","Primus Medicae",""
"FP-0416","Sons of Horus","Crusade","The Black Reaving","Alpha Legion","Master Tactician","13","Librarian",""
"BC-0417","Blood Angels","Castellan","","","Tenacity","11","Moritat",""
"AO-0418","Solar Auxilia","Leviathan","","","Dread Rites","9","Lord Marshal Ireton MaSade",""
"JQ-0419","Solar Auxilia","Crusade","","","The Dust of a Thousand Worlds","14","Auxilia Tank Commander",""
"CO-0420","Blackshields","Leviathan","","","Inspiring Presence","4","Esoterist",""
"QG-0421","Raven Guard","Leviathan","","Mechanicum","Dread Rites","14","Warmonger",""
"FG-0422","White Scars","Crusade","","","Immovable Object","6","Primus Medicae",""
"MJ-0423","White Scars","Onslaught","","","Puissant Commander","9","Centurion",""
"QA-0424","Ultramarines","Castellan","","Imperial Fists","Ruthless Tyrant","8","Praevian",""
"KV-0425","Dark Angels","Castellan","After Isstvan","","The Dust of a Thousand Worlds","4","Primus Medicae",""
"YU-0426","Imperial Fists","Castellan","The Hammer of Olympia","","The Dust of a Thousand Worlds","15","Herald",""
"KK-0427","Imperial Fists","Castellan","","Emperor's Children","Immovable Object","8","Warmonger",""
"WX-0428","Shattered Legions","Leviathan","Liberation Force","","Master of Manoeuvre","11","Armistos",""
"GZ-0429","Shattered Legions","Onslaught","Zone Mortalis Assault Force","","Master of Defence","11","Librarian",""
"BR-0430","Militia & Cults","Castellan","","","Blind Barrage","4","Rogue Psyker",""
"UU-0431","Ultramarines","Leviathan","Angel's Wrath","","Master of Offence","6","Mortificator",""
"VE-0432","Salamanders","Leviathan","The Swift Blade","","Void Master","5","Esoterist",""
"IX-0433","Word Bearers","Castellan","","","Puissant Commander","6","Praetor Tribune",""
"BN-0434","Thousand Sons","Leviathan","The Swift Blade","","Divide to Conquer","10","Herald",""
"MD-0435","Salamanders","Leviathan","","","Perfected Targeting","10","Praetor",""
"FR-0436","Word Bearers","Castellan","The Bloodied Gauntlet","","Blind Barrage","1","Esoterist",""
"FN-0437","Iron Hands","Leviathan","The Steel Fist","","Master of Manoeuvre","2","Delegatus",""
"PD-0438","Word Bearers","Onslaught","","Alpha Legion","Paladin of Glory","5","Centurion",""
"KG-0439","Militia & Cults","Crusade","","Space Wolves","Favoured of Mars","2","Platoon Commander",""
"SR-0440","Thousand Sons","Crusade","After Isstvan","Iron Warriors","Favoured of Mars","3","Primus Nullificator",""
"ZT-0441","World Eaters","Onslaught","","","Merchant Princeling","7","Vigilator",""
"BR-0442","Imperial Fists","Crusade","","","Intimidating Presence","11","Delegatus",""
"UH-0443","White Scars","Leviathan","","","Coordinated Assault","8","Chaplain",""
"IJ-0444","Militia & Cults","Onslaught","","Shattered Legions","Hell Rider","15","Rogue Psyker",""
"RR-0445","Death Guard","Leviathan","Death Seekers","","Lord of the Abyss","14","Siege Breaker",""
"OM-0446","World Eaters","Onslaught","The Serpent's Bane","","Dread Rites","11","Centurion",""
"NG-0447","Blood Angels","Castellan","The Coils of the Hydra","","Master of Ambush","10","Librarian",""
"EL-0448","Word Bearers","Crusade","Legion Recon Company","","Master of Manoeuvre","10","Warmonger",""
"TJ-0449","Raven Guard","Crusade","The Cross of Bone","Dark Angels","Immovable Object","3","Vigilator",""
"XG-0450","World Eaters","Leviathan","","","Princeps of Deceit","5","Master of Signals",""
"XN-0001","Imperial Fists","Leviathan","Sacrificial Offering","","Master of Ambush","9","Praevian",""
"EA-0002","Solar Auxilia","Onslaught","","","Master of Manoeuvre","13","Auxilia Tank Commander",""
"XJ-0003","White Scars","Leviathan","The Black Reaving","Salamanders","Siege Master","4","Vigilator",""
"HA-0004","Ultramarines","Castellan","Company of Bitter Iron","","Master of Defence","8","Praetor Tribune",""
"HH-0005","Sons of Horus","Onslaught","Fury of the Ancients","","Strategic Genius","1","Praetor Tribune",""
"HG-0006","Salamanders","Onslaught","Pride of the Legion","Shattered Legions","Immovable Object","10","Primus Nullificator",""
"ZT-0007","Emperor's Children","Crusade","","","Glorious Renown","9","Vigilator",""
"DG-0008","Thousand Sons","Leviathan","","Salamanders","Predictive Augury","2","Praevian",""
"MN-0009","Imperial Fists","Castellan","Legion Recon Company","","Ruthless Tyrant","5","Forge Lord",""
"VO-0010","Iron Hands","Leviathan","","Raven Guard","Lord of the Abyss","11","Siege Breaker",""
"NZ-0011","Night Lords","Crusade","Creeping Death","","Conqueror of Cities","10","Esoterist",""
"TT-0012","Emperor's Children","Castellan","","","Master of Mechanisms","10","Primus Nullificator",""
"VG-0013","Night Lords","Crusade","","Sons of Horus","Perfected Targeting","15","Esoterist",""
"AY-0014","Word Bearers","Leviathan","Armoured Spearhead","","Princeps of Deceit","11","Praetor",""
"NW-0015","Imperial Fists","Castellan","Ironwing Protocol","Salamanders","Bloody Handed","13","Warmonger",""
"IV-0016","Salamanders","Onslaught","","","Dread Rites","6","Praevian",""
"WY-0017","Shattered Legions","Castellan","The Cross of Bone","","Favoured of Mars","4","Librarian",""
"ZO-0018","Militia & Cults","Leviathan","","","Void Walker","3","Discipline Master",""
"EP-0019","Dark Angels","Crusade","The Unbroken Vow","Alpha Legion","Favoured of Mars","14","Chaplain",""
"BV-0020","Mechanicum","matrixOfRuin","","","Uncanny Survivor","7","Magos Prime",""
"HU-0021","Night Lords","Crusade","","","Bloody Handed","6","Praetor",""
"IV-0022","Space Wolves","Castellan","After Isstvan","","Void Walker","14","Warmonger",""
"UT-0023","World Eaters","Leviathan","","","Void Walker","7","Primus Nullificator",""
"WG-0024","Death Guard","Leviathan","","","Coordinated Assault","12","Esoterist",""
"HM-0025","Thousand Sons","Castellan","The Black Reaving","","Void Walker","4","Praetor Tribune",""
"RY-0026","Space Wolves","Onslaught","","","Master of the Vanguard","3","Centurion",""
"YG-0027","Raven Guard","Castellan","","","Paladin of Glory","9","Primus Nullificator",""
"GM-0028","Shattered Legions","Castellan","Chymeriae","","The Dust of a Thousand Worlds","4","Praetor Tribune",""
"ZI-0029","Space Wolves","Leviathan","","","Bloody Handed","8","Librarian",""
"YQ-0030","Raven Guard","Crusade","","Word Bearers","Battlefield Analysis","9","Centurion",""
"TG-0031","Death Guard","Onslaught","","","Master of the Vanguard","14","Armistos",""
"QY-0032","Word Bearers","Crusade","The Eskaton Imperative","","Beloved of the People","13","Esoterist",""
"JU-0033","Salamanders","Crusade","","","Ruthless Tyrant","9","Herald",""
"XF-0034","Militia & Cults","Leviathan","","","Strategic Genius","7","Platoon Commander",""
"OY-0035","Ultramarines","Crusade","","","Favoured of Mars","15","Champion",""
"XX-0036","Dark Angels","Castellan","Angel's Wrath","","The Death of Flesh","12","Herald",""
"CK-0037","Word Bearers","Onslaught","","","Master of Mechanisms","15","Vigilator",""
"HO-0038","Blackshields","Onslaught","The Coils of the Hydra","Raven Guard","World Burner","3","Mortificator",""
"NJ-0039","Raven Guard","Onslaught","Headhunter Leviathal","Alpha Legion","Ruthless Tyrant","6","Delegatus",""
"EP-0040","Word Bearers","Leviathan","Outcast Sons","","Marcher Lord","4","Master of Signals",""
"FT-0041","Death Guard","Leviathan","","Mechanicum","Void Master","1","Centurion",""
"BA-0042","Imperial Fists","Crusade","","World Eaters","Target Priority","2","Siege Breaker",""
"BN-0043","World Eaters","Leviathan","","","World Burner","7","Forge Lord",""
"DF-0044","Iron Warriors","Castellan","Armoured Breakthrough","","Puissant Commander","5","Praevian",""
"IB-0045","Alpha Legion","Onslaught","Chogorian Brotherhood","","Master of Defence","7","Librarian",""
"CK-0046","Iron Hands","Castellan","","","Master of Manoeuvre","2","Mortificator",""
"PD-0047","World Eaters","Leviathan","Creeping Death","","Princeps of Deceit","7","Praevian",""
"FP-0048","Night Lords","Onslaught","Chymeriae","Alpha Legion","Master of Manoeuvre","14","Forge Lord",""
"CY-0049","Questoris Knights","Castellan","","","The Death of Flesh","9","Archmagos Draykavac",""
"OS-0050","Solar Auxilia","Castellan","","","Strategic Genius","12","Legate Commander",""
"UT-0051","Salamanders","Castellan","The Bloodied Gauntlet","","Master of Offence","6","Centurion",""
"PO-0052","Space Wolves","Onslaught","Decapitation Strike","","Master of Manoeuvre","2","Armistos",""
"AW-0053","Iron Hands","Onslaught","Outlanders","Questoris Knights","Strategic Genius","12","Primus Medicae",""
"DW-0054","Alpha Legion","Leviathan","The Dark Brethren","Dark Angels","Siege Master","5","Siege Breaker",""
"CR-0055","Sons of Horus","Castellan","The Bloodied Claws","","Legendary Fighter","5","Herald",""
"LS-0056","Ultramarines","Castellan","Ironfire","","Intimidating Presence","8","Mortificator",""
"GQ-0057","Thousand Sons","Castellan","Liberation Force","","Uncanny Survivor","3","Armistos",""
"LQ-0058","Blood Angels","Onslaught","Company of Bitter Iron","","Robber Baron","15","Chaplain",""
"MH-0059","Word Bearers","Leviathan","","","Master of Ambush","4","Forge Lord",""
"EO-0060","Iron Hands","Leviathan","","","Master Tactician","2","Moritat",""
"CY-0061","Thousand Sons","Crusade","","","Void Master","7","Mortificator",""
"NO-0062","Ultramarines","Crusade","After Isstvan","","Immovable Object","13","Warmonger",""
"FI-0063","Raven Guard","Crusade","Brethren of Iron","","Puissant Commander","4","Esoterist",""
"TK-0064","Dark Angels","Onslaught","Liberation Force","","Conqueror of Cities","14","Champion",""
"RH-0065","Ultramarines","Crusade","Zone Mortalis Assault Force","","Master of Defence","13","Primus Medicae",""
"KW-0066","Imperial Fists","Leviathan","","","Master Tactician","4","Moritat",""
"VL-0067","Imperial Fists","Onslaught","","","Master of Manoeuvre","4","Warmonger",""
"KR-0068","White Scars","Onslaught","Terror Assault","","Princeps of Deceit","5","Master of Signals",""
"XG-0069","Questoris Knights","Castellan","","","Indomitable","11","Lord Scion",""
"WK-0070","Shattered Legions","Crusade","The Head of the Gorgon","","Conqueror of Cities","11","Praetor Tribune",""
"RO-0071","Alpha Legion","Crusade","","","The Dust of a Thousand Worlds","15","Warmonger",""
"UE-0072","Ultramarines","Crusade","","","Indomitable","13","Praetor",""
"NE-0073","Blackshields","Onslaught","Sky Hunter Phalanx","","Legendary Fighter","10","Primus Nullificator",""
"CU-0074","Raven Guard","Leviathan","","","Shattering Bombardment","10","Warmonger",""
"BL-0075","White Scars","Castellan","The Bloodied Gauntlet","Word Bearers","Dread Rites","2","Esoterist",""
"DJ-0076","World Eaters","Crusade","","Blackshields","Master of Ambush","7","Esoterist",""
"YV-0077","Iron Warriors","Crusade","","","Glorious Renown","8","Chaplain",""
"MF-0078","Raven Guard","Leviathan","","","Master of Ambush","14","Praevian",""
"DV-0079","Emperor's Children","Leviathan","","","Siege Master","11","Vigilator",""
"NZ-0080","Alpha Legion","Leviathan","The Black Reaving","","Master of the Vanguard","12","Librarian",""
"XK-0081","Dark Angels","Castellan","","Salamanders","The Death of Flesh","4","Master of Signals",""
"FG-0082","Ultramarines","Crusade","","","Master Tactician","14","Chaplain",""
"YW-0083","Emperor's Children","Castellan","The Serpent's Bane","","Void Walker","5","Forge Lord",""
"ND-0084","Iron Warriors","Crusade","","","Child of Terra","6","Herald",""
"AB-0085","Solar Auxilia","Leviathan","","Raven Guard","Hell Rider","11","Lord Marshal",""
"NX-0086","Iron Warriors","Onslaught","","","Ruthless Tyrant","3","Master of Signals",""
"PT-0087","Ultramarines","Crusade","Creeping Death","","Paladin of Glory","10","Primus Nullificator",""
"VC-0088","Raven Guard","Crusade","","","Merchant Princeling","12","Champion",""
"MS-0089","Shattered Legions","Leviathan","Terror Assault","","Coordinated Assault","1","Vigilator",""
"KJ-0090","Dark Angels","Leviathan","","","Intimidating Presence","9","Forge Lord",""
"SP-0091","Iron Hands","Crusade","","","Beloved of the People","10","Esoterist",""
"KA-0092","Alpha Legion","Castellan","","","Puissant Commander","1","Primus Medicae",""
"AK-0093","Salamanders","Onslaught","","","Uncanny Survivor","10","Praetor",""
"ZO-0094","Militia & Cults","Castellan","","Night Lords","Bloody Handed","10","Force Commander",""
"ZE-0095","Space Wolves","Leviathan","Drop Assault Vanguard","Night Lords","Favoured of Mars","11","Herald",""
"FH-0096","Emperor's Children","Onslaught","The Dark Brethren","","Child of Terra","8","Forge Lord",""
"GT-0097","Emperor's Children","Onslaught","","Iron Hands","Battlefield Analysis","5","Librarian",""
"ZE-0098","Night Lords","Castellan","","","Master of the Vanguard","11","Centurion",""
"GM-0099","Dark Angels","Onslaught","Drop Assault Vanguard","","Legendary Fighter","14","Centurion",""
"BK-0100","Militia & Cults","Onslaught","","","Favoured of Mars","11","Platoon Commander",""
"ZC-0101","World Eaters","Onslaught","","","Tenacity","3","Warmonger",""
"NC-0102","Salamanders","Leviathan","Armoured Breakthrough","","The Death of Flesh","15","Esoterist",""
"VW-0103","Death Guard","Onslaught","The Black Reaving","","Uncanny Survivor","2","Vigilator",""
"LV-0104","Ultramarines","Castellan","Chymeriae","","Divide to Conquer","14","Forge Lord",""
"BA-0105","Blood Angels","Leviathan","Terror Assault","Space Wolves","Legendary Fighter","1","Primus Nullificator",""
"HK-0106","Alpha Legion","Castellan","The Crimson Path","","Void Master","14","Primus Medicae",""
"WM-0107","Blood Angels","Leviathan","","","Favoured of Mars","9","Master of Signals",""
"YO-0108","Solar Auxilia","Castellan","","","Glorious Renown","1","Legate Commander",""
"DW-0109","Blood Angels","Castellan","Company of Bitter Iron","","Perfected Targeting","9","Librarian",""
"SA-0110","Raven Guard","Leviathan","","Word Bearers","Inspiring Presence","5","Praetor",""
"BR-0111","Death Guard","Leviathan","The Guard of the Crimson King","","Divide to Conquer","11","Primus Nullificator",""
"IN-0112","White Scars","Leviathan","The Bloodied Gauntlet","Blood Angels","Dread Rites","5","Herald",""
"MT-0113","Ultramarines","Leviathan","The Steel Fist","","Master of Manoeuvre","1","Siege Breaker",""
"NT-0114","Dark Angels","Onslaught","","","Favoured of Mars","1","Herald",""
"MT-0115","Blood Angels","Leviathan","","Ultramarines","Master of Defence","11","Champion",""
"IO-0116","Sons of Horus","Onslaught","The Black Reaving","","Divide to Conquer","9","Chaplain",""
"LR-0117","Blackshields","Onslaught","The Bloodied Claws","Questoris Knights","Master of the Vanguard","13","Warmonger",""
"KF-0118","Night Lords","Leviathan","","","Target Priority","10","Warmonger",""
"JY-0119","Shattered Legions","Onslaught","Armoured Breakthrough","","Uncanny Survivor","6","Moritat",""
"HN-0120","Solar Auxilia","Castellan","","","Master of Defence","1","Lord Marshal",""
"XI-0121","Shattered Legions","Crusade","The Eskaton Imperative","","Merchant Princeling","10","Primus Medicae",""
"PP-0122","Iron Warriors","Crusade","","Night Lords","Favoured of Mars","2","Librarian",""
"FU-0123","Iron Warriors","Onslaught","Brethren of Iron","","Master of the Vanguard","5","Chaplain",""
"TY-0124","Iron Hands","Leviathan","","","Beloved of the People","14","Armistos",""
"UX-0125","Imperial Fists","Onslaught","Legion Recon Company","","The Death of Flesh","7","Mortificator",""
"VT-0126","Dark Angels","Onslaught","Brethren of Iron","","Princeps of Deceit","12","Praetor Tribune",""
"VY-0127","World Eaters","Crusade","The Pale Hunters","","Target Priority","2","Centurion",""
"SN-0128","Blood Angels","Leviathan","The Crimson Path","","Battlefield Analysis","2","Mortificator",""
"CH-0129","Space Wolves","Leviathan","Chogorian Brotherhood","","Legendary Fighter","14","Armistos",""
"EO-0130","Shattered Legions","Crusade","The Dark Brethren","","Conqueror of Cities","1","Master of Signals",""
"PH-0131","Ultramarines","Castellan","Berserker Assault","","Puissant Commander","13","Herald",""
"WN-0132","Iron Warriors","Castellan","The Axis of Dissolution","Ultramarines","Robber Baron","13","Champion",""
"LV-0133","Imperial Fists","Crusade","After Isstvan","","Hell Rider","9","Champion",""
"QV-0134","Night Lords","Castellan","Terror Assault","","Shattering Bombardment","10","Praevian",""
"OG-0135","Blackshields","Leviathan","","","Master Tactician","13","Chaplain",""
"AA-0136","Ultramarines","Crusade","Sacrificial Offering","","Princeps of Deceit","11","Praetor",""
"RP-0137","Shattered Legions","Leviathan","Zone Mortalis Assault Force","","Robber Baron","7","Champion",""
"PW-0138","Shattered Legions","Castellan","Sacrificial Offering","Iron Warriors","Master of Mechanisms","6","Armistos",""
"PU-0139","Blood Angels","Crusade","","","Merchant Princeling","3","Warmonger",""
"FI-0140","Alpha Legion","Castellan","The Guard of the Crimson King","","Intimidating Presence","4","Moritat",""
"HM-0141","Iron Warriors","Onslaught","The Cross of Bone","","Tenacity","8","Primus Nullificator",""
"MJ-0142","Solar Auxilia","Onslaught","","Night Lords","Immovable Object","9","Auxilia Tank Commander",""
"RH-0143","Night Lords","Onslaught","The Covenant of Fire","","Master of Ambush","7","Centurion",""
"MN-0144","Shattered Legions","Crusade","The Dark Brethren","","Beloved of the People","3","Warmonger",""
"ED-0145","Questoris Knights","Onslaught","","","Legendary Fighter","12","Archmagos Draykavac",""
"XQ-0146","Militia & Cults","Castellan","","","Robber Baron","1","Discipline Master",""
"LO-0147","Raven Guard","Castellan","Last of the Serrated Sun","","Siege Master","2","Master of Signals",""
"FF-0148","Dark Angels","Leviathan","Ironwing Protocol","Iron Warriors","Marcher Lord","5","Centurion",""
"VT-0149","Dark Angels","Castellan","Primarch's Chosen","","Tenacity","1","Siege Breaker",""
"AG-0150","Ultramarines","Leviathan","Ravenwing Protocol","Sons of Horus","Master of Ambush","5","Primus Medicae",""
"SC-0151","Salamanders","Castellan","The Pale Hunters","","Conqueror of Cities","9","Primus Medicae",""
"XD-0152","Iron Hands","Leviathan","","","Tenacity","15","Esoterist",""
"PN-0153","Mechanicum","matrixOfRuin","Ordo Reductor","","Dread Rites","15","Magos Reductor Calleb Decima",""
"LW-0154","Word Bearers","Castellan","The Stone Gauntlet","","Uncanny Survivor","7","Mortificator",""
"HM-0155","Emperor's Children","Castellan","The Guard of the Crimson King","","Dread Rites","2","Mortificator",""
"DB-0156","Shattered Legions","Onslaught","Terror Assault","","Tenacity","5","Praetor",""
"QA-0157","Ultramarines","Onslaught","","Emperor's Children","Battlefield Analysis","10","Esoterist",""
"TD-0158","Iron Hands","Onslaught","The Bloodied Gauntlet","","Indomitable","4","Vigilator",""
"XR-0159","Emperor's Children","Crusade","","","Puissant Commander","8","Moritat",""
"QJ-0160","Imperial Fists","Onslaught","The Logos Lectora","","Merchant Princeling","6","Siege Breaker",""
"PS-0161","Militia & Cults","Onslaught","","","Battlefield Analysis","15","Platoon Commander",""
"XL-0162","White Scars","Crusade","The Day of Revelation","","Target Priority","1","Chaplain",""
"GP-0163","Iron Hands","Castellan","The Guard of the Crimson King","","Conqueror of Cities","15","Praetor Tribune",""
"LA-0164","Dark Angels","Leviathan","Horror Cult","Word Bearers","Shattering Bombardment","9","Siege Breaker",""
"YB-0165","Emperor's Children","Onslaught","Chymeriae","","Shattering Bombardment","10","Librarian",""
"RS-0166","Imperial Fists","Crusade","","","Master Tactician","12","Master of Signals",""
"BU-0167","Blackshields","Leviathan","","","Puissant Commander","7","Vigilator",""
"GB-0168","Dark Angels","Crusade","","","Battlefield Analysis","10","Master of Signals",""
"UY-0169","Emperor's Children","Castellan","","","World Burner","11","Centurion",""
"DQ-0170","Emperor's Children","Castellan","","Thousand Sons","The Dust of a Thousand Worlds","11","Praevian",""
"ZZ-0171","World Eaters","Leviathan","The Axis of Dissolution","","The Death of Flesh","3","Librarian",""
"OX-0172","Raven Guard","Onslaught","The Eskaton Imperative","Death Guard","Coordinated Assault","3","Praevian",""
"VV-0173","Militia & Cults","Onslaught","","","Uncanny Survivor","11","Platoon Commander",""
"GU-0174","Mechanicum","Crusade","","","Coordinated Assault","13","Archmagos Inar Satarael",""
"OO-0175","Imperial Fists","Onslaught","Decapitation Strike","Alpha Legion","Predictive Augury","10","Praevian",""
"VY-0176","World Eaters","Crusade","","White Scars","Intimidating Presence","14","Moritat",""
"VP-0177","Blackshields","Leviathan","Chymeriae","","Perfected Targeting","1","Centurion",""
"GT-0178","World Eaters","Onslaught","The Pale Hunters","","Hell Rider","7","Forge Lord",""
"EW-0179","Raven Guard","Crusade","Terror Assault","","Void Master","6","Forge Lord",""
"ZR-0180","Blood Angels","Onslaught","The Day of Sorrow","","Master Tactician","11","Delegatus",""
"SJ-0181","Imperial Fists","Crusade","Headhunter Leviathal","","Immovable Object","15","Praetor",""
"JQ-0182","Solar Auxilia","Castellan","","","Bitter Blood","11","Legate Commander",""
"XZ-0183","Thousand Sons","Leviathan","Outcast Sons","","Master of Ambush","6","Moritat",""
"OL-0184","Salamanders","Onslaught","The Seekers Arrow","","Perfected Targeting","12","Moritat",""
"SA-0185","Questoris Knights","Onslaught","","Alpha Legion","Glorious Renown","10","Seneschal",""
"HT-0186","Emperor's Children","Leviathan","The Eskaton Imperative","","Immovable Object","7","Mortificator",""
"DU-0187","Mechanicum","Castellan","Ordo Reductor","","Connoisseur of Alien Curios","3","Magos Dominus",""
"EK-0188","Mechanicum","Onslaught","","","Perfected Targeting","2","Magos Reductor Calleb Decima",""
"PG-0189","Space Wolves","Castellan","Orphans of Betrayal","","Intimidating Presence","9","Primus Medicae",""
"TR-0190","Militia & Cults","Leviathan","","","Robber Baron","10","Force Commander",""
"BE-0191","Thousand Sons","Castellan","Ironwing Protocol","","Coordinated Assault","6","Librarian",""
"LZ-0192","Shattered Legions","Onslaught","Orbital Assault","World Eaters","Dread Rites","14","Primus Medicae",""
"WY-0193","White Scars","Crusade","The Seekers Arrow","","Shattering Bombardment","7","Praetor",""
"XB-0194","Emperor's Children","Onslaught","Hunter-Killer Mission","","Beloved of the People","7","Master of Signals",""
"EI-0195","Shattered Legions","Onslaught","","","Bitter Blood","12","Delegatus",""
"WG-0196","Alpha Legion","Crusade","The Day of Revelation","","Master of Defence","8","Vigilator",""
"PM-0197","Iron Hands","Crusade","Hammerfell Strike Force","","Coordinated Assault","14","Herald",""
"BT-0198","World Eaters","Castellan","3rd Company Elite","","Robber Baron","5","Warmonger",""
"TB-0199","Questoris Knights","Onslaught","","","Master of Offence","10","Lord Scion",""
"PS-0200","Space Wolves","Castellan","Decapitation Strike","","Glorious Renown","14","Forge Lord",""
"FB-0201","Mechanicum","Crusade","","","Divide to Conquer","6","Magos Reductor",""
"CR-0202","Blackshields","Crusade","The Black Reaving","","Bitter Blood","15","Forge Lord",""
"CF-0203","Imperial Fists","Leviathan","","","Beloved of the People","9","Master of Signals",""
"NS-0204","Militia & Cults","Castellan","","","Glorious Renown","4","Platoon Commander",""
"JL-0205","Blackshields","Onslaught","3rd Company Elite","","Paladin of Glory","2","Librarian",""
"AS-0206","Raven Guard","Castellan","Sky Hunter Phalanx","Mechanicum","Bloody Handed","3","Praetor",""
"WW-0207","Salamanders","Leviathan","","","Inspiring Presence","8","Forge Lord",""
"UI-0208","Ultramarines","Castellan","The Stone Gauntlet","","Favoured of Mars","5","Chaplain",""
"NK-0209","Mechanicum","Leviathan","","","Beloved of the People","11","Archmagos Draykavac",""
"DT-0210","World Eaters","Leviathan","Headhunter Leviathal","Alpha Legion","Master of Ambush","13","Delegatus",""
"SO-0211","Questoris Knights","Onslaught","","Iron Warriors","Master of Ambush","13","Seneschal",""
"LU-0212","Blood Angels","Castellan","Decapitation Strike","","Dread Rites","8","Forge Lord",""
"IX-0213","Mechanicum","Crusade","Legio Cybernetica","","Child of Terra","2","Archmagos Dominus",""
"RG-0214","Iron Warriors","Leviathan","The Covenant of Fire","","Marcher Lord","2","Esoterist",""
"QO-0215","Iron Warriors","Leviathan","","","Master Tactician","6","Chaplain",""
"XE-0216","Thousand Sons","Leviathan","","","Night Attacker","1","Vigilator",""
"HX-0217","Solar Auxilia","Castellan","","","Princeps of Deceit","3","Lord Marshal Ireton MaSade",""
"OF-0218","World Eaters","Leviathan","The Coils of the Hydra","World Eaters","Void Master","8","Chaplain",""
"YW-0219","Ultramarines","Crusade","","","Master of Offence","10","Warmonger",""
"BN-0220","Questoris Knights","Leviathan","","","World Burner","6","Archmagos Draykavac",""
"CK-0221","World Eaters","Onslaught","","","Coordinated Assault","9","Champion",""
"HH-0222","Iron Warriors","Crusade","Death Seekers","","Strategic Genius","2","Esoterist",""
"VB-0223","Dark Angels","Crusade","The Logos Lectora","","Connoisseur of Alien Curios","2","Chaplain",""
"FV-0224","Word Bearers","Castellan","","","Divide to Conquer","11","Primus Medicae",""
"FG-0225","Solar Auxilia","Leviathan","","Death Guard","Intimidating Presence","8","Legate Commander",""
"DQ-0226","Iron Warriors","Leviathan","","","Master of Offence","2","Praetor",""
"CP-0227","Alpha Legion","Leviathan","Outlanders","","Master Tactician","2","Librarian",""
"FJ-0228","Night Lords","Castellan","Last of the Serrated Sun","","The Dust of a Thousand Worlds","8","Herald",""
"ZA-0229","Sons of Horus","Crusade","The Swift Blade","","Uncanny Survivor","5","Librarian",""
"BU-0230","Militia & Cults","Crusade","","","Tenacity","6","Platoon Commander",""
"AC-0231","Night Lords","Castellan","Chogorian Brotherhood","Salamanders","Master of Offence","11","Herald",""
"YI-0232","Questoris Knights","Crusade","","","Puissant Commander","3","Lord Scion",""
"OI-0233","Emperor's Children","Onslaught","","","Puissant Commander","1","Primus Nullificator",""
"TW-0234","World Eaters","Crusade","Orphans of Betrayal","","Bloody Handed","1","Armistos",""
"EL-0235","Blackshields","Crusade","Berserker Assault","Death Guard","Coordinated Assault","14","Esoterist",""
"QH-0236","Mechanicum","Crusade","Legio Cybernetica","","Tenacity","1","Anacharis Scoria",""
"JU-0237","Sons of Horus","Crusade","The Black Reaving","","Conqueror of Cities","14","Forge Lord",""
"TF-0238","Imperial Fists","Leviathan","Chymeriae","World Eaters","The Death of Flesh","3","Primus Nullificator",""
"HJ-0239","Imperial Fists","Onslaught","","Mechanicum","Tenacity","11","Primus Medicae",""
"RN-0240","Ultramarines","Leviathan","","","Inspiring Presence","2","Champion",""
"WB-0241","Thousand Sons","Onslaught","The Storm of War","","Master of Offence","11","Siege Breaker",""
"YE-0242","Emperor's Children","Leviathan","","","Bloody Handed","15","Esoterist",""
"OZ-0243","Space Wolves","Leviathan","The Black Reaving","","Void Master","4","Moritat",""
"HG-0244","Blackshields","Onslaught","","Salamanders","Puissant Commander","5","Mortificator",""
"EV-0245","Emperor's Children","Castellan","The Serpent's Bane","","Child of Terra","5","Champion",""
"DN-0246","Iron Hands","Castellan","Hammerfell Strike Force","","Master Tactician","12","Delegatus",""
"JA-0247","Mechanicum","Leviathan","Ordo Reductor","","Immovable Object","5","Magos Prime",""
"XI-0248","Solar Auxilia","Crusade","","Night Lords","Master of Mechanisms","8","Auxilia Tank Commander",""
"OL-0249","Ultramarines","Castellan","","","Inspiring Presence","15","Vigilator",""
"JP-0250","Solar Auxilia","Castellan","","","Target Priority","12","Strategos",""
"GN-0251","Shattered Legions","Leviathan","Legion Recon Company","Dark Angels","Hell Rider","12","Centurion",""
"JE-0252","White Scars","Crusade","Ravenwing Protocol","","Uncanny Survivor","7","Primus Medicae",""
"IJ-0253","Alpha Legion","Onslaught","The Day of Revelation","","Paladin of Glory","11","Chaplain",""
"VW-0254","World Eaters","Crusade","","","Void Walker","14","Praetor Tribune",""
"EY-0255","White Scars","Onslaught","","","Puissant Commander","8","Master of Signals",""
"KZ-0256","White Scars","Onslaught","Drop Assault Vanguard","Death Guard","Blind Barrage","8","Centurion",""
"HJ-0257","Thousand Sons","Leviathan","","","Bitter Blood","10","Armistos",""
"ND-0258","Sons of Horus","Castellan","","Thousand Sons","Ruthless Tyrant","2","Librarian",""
"HV-0259","Blood Angels","Crusade","Sacrificial Offering","","Lord of the Abyss","8","Praetor",""
"RW-0260","Militia & Cults","Castellan","","Shattered Legions","Marcher Lord","3","Platoon Commander",""
"RY-0261","Raven Guard","Onslaught","The Covenant of Fire","","Dread Rites","10","Warmonger",""
"IL-0262","Salamanders","Crusade","Ironfire","Salamanders","Strategic Genius","14","Herald",""
"LR-0263","Emperor's Children","Leviathan","Drop Assault Vanguard","Militia & Cults","Merchant Princeling","3","Vigilator",""
"FB-0264","Shattered Legions","Leviathan","Orphans of War","","Perfected Targeting","11","Master of Signals",""
"EX-0265","Solar Auxilia","Castellan","","","Shattering Bombardment","5","Legate Commander",""
"ZZ-0266","White Scars","Onslaught","The Eskaton Imperative","","Master of Offence","15","Primus Medicae",""
"BF-0267","Iron Hands","Onslaught","","","Intimidating Presence","4","Siege Breaker",""
"WE-0268","Raven Guard","Crusade","Hammerfell Strike Force","","Conqueror of Cities","15","Moritat",""
"ZM-0269","Space Wolves","Castellan","The Stone Gauntlet","Emperor's Children","Beloved of the People","13","Warmonger",""
"XO-0270","Space Wolves","Crusade","","","Indomitable","2","Master of Signals",""
"KN-0271","Emperor's Children","Crusade","The Pale Hunters","World Eaters","Target Priority","6","Master of Signals",""
"CI-0272","Iron Hands","Crusade","The Crimson Path","","Target Priority","14","Praetor Tribune",""
"GB-0273","Iron Warriors","Castellan","","","Divide to Conquer","14","Praevian",""
"JY-0274","Alpha Legion","Crusade","Terror Assault","","Ruthless Tyrant","14","Vigilator",""
"KS-0275","Raven Guard","Crusade","","Mechanicum","Master of Defence","14","Primus Nullificator",""
"QK-0276","Raven Guard","Castellan","Orphans of War","","Battlefield Analysis","10","Herald",""
"BT-0277","White Scars","Leviathan","Orphans of War","","Battlefield Analysis","11","Vigilator",""
"XD-0278","Mechanicum","matrixOfRuin","","","Master of Mechanisms","7","Magos Dominus",""
"DM-0279","Questoris Knights","Onslaught","","","Master of Manoeuvre","6","Seneschal",""
"RH-0280","Blackshields","Onslaught","Ravenwing Protocol","Imperial Fists","Battlefield Analysis","4","Esoterist",""
"MO-0281","Thousand Sons","Castellan","Ravenwing Protocol","","Favoured of Mars","10","Praetor Tribune",""
"CA-0282","Blackshields","Crusade","Orphans of War","Emperor's Children","Favoured of Mars","3","Master of Signals",""
"FI-0283","Imperial Fists","Leviathan","","","Immovable Object","13","Forge Lord",""
"YL-0284","Raven Guard","Crusade","Outlanders","","Siege Master","7","Centurion",""
"UW-0285","Thousand Sons","Crusade","Orphans of War","","Princeps of Deceit","12","Praetor",""
"BE-0286","Ultramarines","Leviathan","","","Inspiring Presence","12","Esoterist",""
"NG-0287","Salamanders","Castellan","Orphans of Betrayal","","Conqueror of Cities","12","Primus Medicae",""
"LR-0288","Mechanicum","matrixOfRuin","Ordo Reductor","","Ruthless Tyrant","12","Archmagos Inar Satarael",""
"DH-0289","Mechanicum","Leviathan","","","Intimidating Presence","5","Anacharis Scoria",""
"AV-0290","Raven Guard","Castellan","","","Void Walker","11","Primus Nullificator",""
"FA-0291","Dark Angels","Leviathan","Company of Bitter Iron","","Master of Ambush","6","Mortificator",""
"TF-0292","Solar Auxilia","Onslaught","","Space Wolves","Legendary Fighter","15","Lord Marshal",""
"YG-0293","Raven Guard","Castellan","Brethren of Iron","","Inspiring Presence","1","Champion",""
"WS-0294","Thousand Sons","Leviathan","","","Marcher Lord","10","Moritat",""
"CT-0295","Imperial Fists","Crusade","The Guard of the Crimson King","","Night Attacker","3","Praetor Tribune",""
"GO-0296","Salamanders","Crusade","","","Void Master","6","Primus Nullificator",""
"LJ-0297","Alpha Legion","Onslaught","Outcast Sons","","Inspiring Presence","8","Herald",""
"ON-0298","Questoris Knights","Castellan","","","Void Master","11","Lord Scion",""
"RA-0299","Word Bearers","Onslaught","","Iron Warriors","Predictive Augury","7","Esoterist",""
"WR-0300","Salamanders","Leviathan","Outlanders","","Master of Offence","13","Moritat",""
"PQ-0301","Iron Warriors","Onslaught","","","Predictive Augury","4","Chaplain",""
"ZJ-0302","Salamanders","Castellan","","","Lord of the Abyss","13","Champion",""
"WH-0303","Thousand Sons","Castellan","","Iron Hands","Intimidating Presence","1","Praetor Tribune",""
"XM-0304","Raven Guard","Castellan","Chymeriae","","Merchant Princeling","13","Master of Signals",""
"TX-0305","Ultramarines","Leviathan","Berserker Assault","","Uncanny Survivor","10","Moritat",""
"SZ-0306","Questoris Knights","Leviathan","","Word Bearers","Siege Master","9","Lord Scion",""
"ID-0307","Salamanders","Castellan","","","Blind Barrage","5","Praetor",""
"YZ-0308","Mechanicum","Onslaught","Ordo Reductor","","Glorious Renown","14","Magos Reductor Calleb Decima",""
"TC-0309","Blood Angels","Crusade","The Day of Sorrow","","Perfected Targeting","11","Siege Breaker",""
"CS-0310","Iron Warriors","Castellan","Orphans of War","","Princeps of Deceit","7","Chaplain",""
"YP-0311","Iron Warriors","Castellan","The Storm of War","Militia & Cults","Child of Terra","1","Librarian",""
"SC-0312","Emperor's Children","Leviathan","","Word Bearers","Target Priority","15","Praevian",""
"GD-0313","Imperial Fists","Crusade","Orphans of War","","Paladin of Glory","6","Esoterist",""
"MS-0314","Blackshields","Crusade","Primarch's Chosen","","Void Walker","9","Primus Nullificator",""
"ZS-0315","Shattered Legions","Crusade","Last of the Serrated Sun","","Favoured of Mars","3","Librarian",""
"AW-0316","White Scars","Castellan","Last of the Serrated Sun","","Target Priority","14","Vigilator",""
"VU-0317","Iron Warriors","Leviathan","","","Master of Mechanisms","12","Delegatus",""
"EK-0318","Solar Auxilia","Onslaught","","","Night Attacker","13","Legate Commander",""
"YI-0319","Shattered Legions","Castellan","","Mechanicum","Night Attacker","10","Vigilator",""
"FV-0320","Death Guard","Onslaught","","Mechanicum","Child of Terra","6","Esoterist",""
"GT-0321","Mechanicum","Onslaught","","","World Burner","1","Magos Dominus",""
"GM-0322","Iron Warriors","Leviathan","Last of the Serrated Sun","","Master Tactician","2","Mortificator",""
"CN-0323","Blood Angels","Onslaught","Sacrificial Offering","","Master Tactician","5","Primus Medicae",""
"IU-0324","Iron Warriors","Crusade","","","Divide to Conquer","12","Chaplain",""
"XA-0325","Dark Angels","Leviathan","Brethren of Iron","Night Lords","Marcher Lord","2","Praetor Tribune",""
"NB-0326","Militia & Cults","Castellan","","","Master of Ambush","1","Rogue Psyker Alpha",""
"NY-0327","Salamanders","Castellan","","","Master of Ambush","14","Mortificator",""
"NQ-0328","Emperor's Children","Crusade","","Mechanicum","Bloody Handed","14","Herald",""
"YE-0329","Raven Guard","Leviathan","","Word Bearers","Master of Defence","12","Moritat",""
"WV-0330","Mechanicum","Castellan","Legio Cybernetica","","Master of Defence","9","Magos Prime",""
"AG-0331","Night Lords","Crusade","","Blackshields","Marcher Lord","15","Delegatus",""
"ER-0332","Emperor's Children","Leviathan","","","Favoured of Mars","11","Forge Lord",""
"GH-0333","Alpha Legion","Leviathan","Orphans of Betrayal","Emperor's Children","Void Walker","14","Mortificator",""
"WJ-0334","Word Bearers","Leviathan","The Cross of Bone","","Tenacity","14","Chaplain",""
"ED-0335","Shattered Legions","Leviathan","The Stone Gauntlet","","Conqueror of Cities","7","Armistos",""
"FQ-0336","Salamanders","Crusade","Drop Assault Vanguard","","Favoured of Mars","10","Warmonger",""
"CS-0337","Ultramarines","Castellan","The Cross of Bone","Ultramarines","The Dust of a Thousand Worlds","1","Herald",""
"ZZ-0338","World Eaters","Onslaught","The Covenant of Fire","Militia & Cults","Master of the Vanguard","11","Master of Signals",""
"NU-0339","Alpha Legion","Crusade","","","Divide to Conquer","3","Champion",""
"IS-0340","Blackshields","Castellan","","","Intimidating Presence","8","Moritat",""
"TQ-0341","Emperor's Children","Crusade","","","Master of the Vanguard","11","Moritat",""
"YT-0342","Blackshields","Leviathan","The Logos Lectora","Emperor's Children","Conqueror of Cities","7","Praetor Tribune",""
"FK-0343","Ultramarines","Crusade","Orphans of Betrayal","","Paladin of Glory","1","Moritat",""
"WJ-0344","Militia & Cults","Onslaught","","","Master of Offence","14","Platoon Commander",""
"WM-0345","Solar Auxilia","Leviathan","","Sons of Horus","Robber Baron","4","Legate Commander",""
"ZB-0346","Questoris Knights","Leviathan","","","Robber Baron","7","Archmagos Draykavac",""
"ZB-0347","Emperor's Children","Leviathan","Chogorian Brotherhood","Word Bearers","Uncanny Survivor","4","Champion",""
"IB-0348","Death Guard","Castellan","","","Blind Barrage","12","Moritat",""
"DC-0349","Thousand Sons","Castellan","Pride of the Legion","","Favoured of Mars","3","Vigilator",""
"UX-0350","World Eaters","Castellan","The Logos Lectora","Sons of Horus","Void Master","7","Librarian",""
"ST-0351","Mechanicum","Castellan","Ordo Reductor","","Coordinated Assault","12","Anacharis Scoria",""
"UA-0352","Word Bearers","Leviathan","Sagyar Mazan","","Master Tactician","10","Primus Medicae",""
"KW-0353","Salamanders","Crusade","Company of Bitter Iron","","Master of Mechanisms","11","Mortificator",""
"YL-0354","Iron Hands","Castellan","The Head of the Gorgon","Questoris Knights","Puissant Commander","7","Warmonger",""
"TJ-0355","Word Bearers","Onslaught","","","Child of Terra","3","Praetor Tribune",""
"KT-0356","Questoris Knights","Leviathan","","Death Guard","Uncanny Survivor","14","Lord Scion",""
"DM-0357","Mechanicum","Onslaught","Ordo Reductor","","Marcher Lord","6","Magos Reductor Calleb Decima",""
"UX-0358","Sons of Horus","Onslaught","","","Shattering Bombardment","13","Delegatus",""
"SC-0359","Sons of Horus","Castellan","The Dark Brethren","","Paladin of Glory","7","Herald",""
"GJ-0360","Death Guard","Crusade","The Awakening Fire","","Ruthless Tyrant","6","Warmonger",""
"QR-0361","Death Guard","Crusade","Chymeriae","","Blind Barrage","13","Forge Lord",""
"WY-0362","Imperial Fists","Castellan","Orbital Assault","Blackshields","Night Attacker","14","Siege Breaker",""
"CJ-0363","Imperial Fists","Onslaught","The Stone Gauntlet","","Blind Barrage","14","Primus Nullificator",""
"DY-0364","Dark Angels","Leviathan","","Raven Guard","Master of Ambush","15","Forge Lord",""
"CV-0365","Emperor's Children","Onslaught","","","Marcher Lord","8","Warmonger",""
"DF-0366","Alpha Legion","Onslaught","","","Target Priority","4","Praetor",""
"WQ-0367","Salamanders","Crusade","","","Tenacity","15","Praetor Tribune",""
"VR-0368","Dark Angels","Leviathan","","","Master Tactician","2","Vigilator",""
"BZ-0369","Dark Angels","Castellan","Chogorian Brotherhood","","Paladin of Glory","6","Herald",""
"CP-0370","Space Wolves","Leviathan","","","Intimidating Presence","2","Librarian",""
"DE-0371","Shattered Legions","Castellan","","","Marcher Lord","14","Librarian",""
"RC-0372","Ultramarines","Onslaught","","","Divide to Conquer","13","Chaplain",""
"ZN-0373","Blackshields","Crusade","Outlanders","","Target Priority","7","Mortificator",""
"SE-0374","White Scars","Castellan","The Reaping","","Legendary Fighter","3","Warmonger",""
"XX-0375","Ultramarines","Castellan","Angel's Wrath","","Immovable Object","3","Warmonger",""
"EH-0376","Shattered Legions","Leviathan","The Bloodied Gauntlet","","Princeps of Deceit","6","Moritat",""
"GH-0377","Iron Hands","Crusade","The Covenant of Fire","","Bitter Blood","5","Esoterist",""
"EJ-0378","Word Bearers","Leviathan","Armoured Breakthrough","World Eaters","Hell Rider","1","Armistos",""
"AY-0379","Iron Hands","Leviathan","Armoured Spearhead","","Legendary Fighter","4","Siege Breaker",""
"DF-0380","Raven Guard","Castellan","Chymeriae","","Puissant Commander","13","Siege Breaker",""
"MB-0381","World Eaters","Onslaught","The Dark Brethren","","Void Walker","14","Master of Signals",""
"PV-0382","Militia & Cults","Leviathan","","","Child of Terra","8","Platoon Commander",""
"FL-0383","Emperor's Children","Onslaught","Ironfire","","Siege Master","2","Mortificator",""
"IE-0384","Death Guard","Castellan","3rd Company Elite","","Dread Rites","6","Praetor Tribune",""
"WB-0385","Death Guard","Onslaught","","","Connoisseur of Alien Curios","5","Delegatus",""
"YU-0386","Blood Angels","Crusade","Sagyar Mazan","","Night Attacker","7","Moritat",""
"TG-0387","Blackshields","Onslaught","Death Seekers","Solar Auxilia","Void Walker","4","Primus Medicae",""
"JF-0388","Blackshields","Castellan","Creeping Death","","Uncanny Survivor","15","Primus Nullificator",""
"ZG-0389","Imperial Fists","Castellan","","","The Death of Flesh","7","Praetor",""
"WJ-0390","Alpha Legion","Castellan","Ironfire","Questoris Knights","Dread Rites","2","Esoterist",""
"GC-0391","Word Bearers","Onslaught","Outlanders","Death Guard","Dread Rites","6","Master of Signals",""
"PW-0392","Iron Warriors","Leviathan","The Bloodied Claws","Questoris Knights","Lord of the Abyss","3","Forge Lord",""
"TJ-0393","Death Guard","Castellan","","","Void Master","8","Praetor",""
"IL-0394","Night Lords","Castellan","","","Perfected Targeting","4","Forge Lord",""
"QG-0395","Iron Hands","Leviathan","The Day of Sorrow","","Coordinated Assault","13","Champion",""
"ZE-0396","Mechanicum","Castellan","","","Paladin of Glory","3","Magos reductor",""
"ES-0397","Iron Warriors","Leviathan","","","Tenacity","3","Master of Signals",""
"OH-0398","Iron Hands","Crusade","","World Eaters","Master of the Vanguard","8","Centurion",""
"AS-0399","Night Lords","Leviathan","The Dark Brethren","","Master of Ambush","15","Primus Medicae",""
"TG-0400","Dark Angels","Castellan","The Swift Blade","","Merchant Princeling","12","Librarian",""
"AI-0401","Raven Guard","Leviathan","Fury of the Ancients","Raven Guard","Night Attacker","2","Chaplain",""
"RK-0402","Word Bearers","Crusade","Legion Recon Company","","Tenacity","7","Herald",""
"EP-0403","Mechanicum","Leviathan","Legio Cybernetica","","Master of the Vanguard","11","Magos Prime",""
"ZM-0404","Iron Hands","Onslaught","The Maru Skara","","The Death of Flesh","5","Primus Medicae",""
"OF-0405","Shattered Legions","Castellan","The Seekers Arrow","","Master of Ambush","8","Forge Lord",""
"BX-0406","Thousand Sons","Leviathan","The Dark Brethren","","Intimidating Presence","12","Primus Medicae",""
"GW-0407","Imperial Fists","Leviathan","Brethren of Iron","","Immovable Object","9","Armistos",""
"BB-0408","Iron Warriors","Crusade","","Imperial Fists","Paladin of Glory","10","Esoterist",""
"QO-0409","Salamanders","Leviathan","The Guard of the Crimson King","","Lord of the Abyss","7","Forge Lord",""
"VN-0410","Space Wolves","Onslaught","The Dark Brethren","","Princeps of Deceit","7","Primus Nullificator",""
"VR-0411","Imperial Fists","Crusade","","","Bloody Handed","13","Praetor Tribune",""
"RA-0412","Ultramarines","Castellan","The Steel Fist","Death Guard","Strategic Genius","5","Librarian",""
"LS-0413","Thousand Sons","Onslaught","","","Robber Baron","15","Moritat",""
"RD-0414","Thousand Sons","Castellan","The Day of Sorrow","Solar Auxilia","Indomitable","11","Champion",""
"MO-0415","Death Guard","Leviathan","","","Perfected Targeting","2","Esoterist",""
"WN-0416","Word Bearers","Onslaught","","","Shattering Bombardment","13","Centurion",""
"VV-0417","Ultramarines","Crusade","Legion Recon Company","Blood Angels","Bitter Blood","14","Primus Medicae",""
"FD-0418","Salamanders","Crusade","","Thousand Sons","World Burner","4","Esoterist",""
"LQ-0419","Death Guard","Crusade","The Hammer of Olympia","","Master of Ambush","9","Centurion",""
"LG-0420","Questoris Knights","Leviathan","","","Void Walker","10","Archmagos Draykavac",""
"WL-0421","Alpha Legion","Castellan","Hammerfell Strike Force","","Merchant Princeling","4","Librarian",""
"WN-0422","Space Wolves","Onslaught","","","Indomitable","3","Vigilator",""
"HB-0423","Raven Guard","Onslaught","The Dark Brethren","","Immovable Object","3","Praevian",""
"JJ-0424","Solar Auxilia","Onslaught","","","Indomitable","1","Auxilia Tank Commander",""
"MX-0425","Sons of Horus","Leviathan","","","Predictive Augury","8","Herald",""
"CQ-0426","Alpha Legion","Castellan","Chymeriae","","Void Walker","13","Praetor",""
"LR-0427","Imperial Fists","Castellan","Ironwing Protocol","Night Lords","Merchant Princeling","11","Centurion",""
"WG-0428","Ultramarines","Crusade","","White Scars","Dread Rites","15","Praevian",""
"CF-0429","Salamanders","Leviathan","","","Connoisseur of Alien Curios","15","Armistos",""
"EG-0430","Night Lords","Leviathan","","","Strategic Genius","14","Champion",""
"LC-0431","Mechanicum","Onslaught","Legio Cybernetica","","World Burner","9","Magos Prime",""
"MF-0432","Salamanders","Onslaught","The Head of the Gorgon","","Favoured of Mars","5","Praevian",""
"BC-0433","Dark Angels","Castellan","Brethren of Iron","","Indomitable","9","Librarian",""
"WB-0434","Sons of Horus","Crusade","Company of Bitter Iron","","Bloody Handed","4","Delegatus",""
"WX-0435","Ultramarines","Crusade","","","Blind Barrage","14","Primus Medicae",""
"FG-0436","Blood Angels","Onslaught","The Maru Skara","Shattered Legions","Blind Barrage","7","Vigilator",""
"WH-0437","Iron Hands","Leviathan","Drop Assault Vanguard","","Bloody Handed","3","Mortificator",""
"JC-0438","Militia & Cults","Leviathan","","","Uncanny Survivor","15","Rogue Psyker",""
"WC-0439","Dark Angels","Onslaught","The Swift Blade","","Merchant Princeling","4","Herald",""
"GD-0440","Night Lords","Leviathan","","","Target Priority","4","Siege Breaker",""
"AM-0441","Night Lords","Leviathan","","","Ruthless Tyrant","5","Primus Medicae",""
"XL-0442","Mechanicum","matrixOfRuin","","","Robber Baron","12","Archmagos Draykavac",""
"HI-0443","Word Bearers","Leviathan","Ironfire","","Bitter Blood","6","Praevian",""
"HF-0444","Thousand Sons","Crusade","","Questoris Knights","Dread Rites","7","Primus Nullificator",""
"AW-0445","Shattered Legions","Leviathan","","","Glorious Renown","10","Primus Nullificator",""
"VB-0446","Alpha Legion","Castellan","","","Child of Terra","1","Primus Medicae",""
"YR-0447","Militia & Cults","Castellan","","","Master of Ambush","15","Rogue Psyker Alpha",""
"VP-0448","Solar Auxilia","Onslaught","","","Bloody Handed","11","Auxilia Tank Commander",""
"SM-0449","Word Bearers","Leviathan","The Steel Fist","Questoris Knights","Perfected Targeting","14","Champion",""
"MQ-0450","Questoris Knights","Onslaught","","Mechanicum","Void Master","2","Seneschal",""
